timestamp_utc,timestamp_monotonic,elapsed_sec,latest_lidar_stamp,latest_odom_stamp,latest_clock_stamp,sensor_backlog_sec,clock_lag_sec,odom_message_count,lidar_message_count
2026-07-31T13:27:59.872139+00:00,16499.463776607,0.513589,,,,,,0,0
2026-07-31T13:28:00.372096+00:00,16499.963734854,1.013547,,,,,,0,0
2026-07-31T13:28:00.872156+00:00,16500.463794051,1.513607,,,,,,0,0
2026-07-31T13:28:01.372166+00:00,16500.963804072,2.013617,,,,,,0,0
2026-07-31T13:28:01.872160+00:00,16501.463797025,2.513610,,,,,,0,0
2026-07-31T13:28:02.372170+00:00,16501.963807403,3.013620,,,,,,0,0
2026-07-31T13:28:02.872147+00:00,16502.463785701,3.513598,,,,,,0,0
2026-07-31T13:28:03.372106+00:00,16502.964676347,4.014489,,,1658137028.9200823,,,0,0
2026-07-31T13:28:03.872086+00:00,16503.464657423,4.514470,,,1658137029.4201162,,,0,0
2026-07-31T13:28:04.372086+00:00,16503.964656888,5.014469,,,1658137029.9201696,,,0,0
2026-07-31T13:28:04.872078+00:00,16504.464649990,5.514463,,,1658137030.4201422,,,0,0
2026-07-31T13:28:05.372130+00:00,16504.964701589,6.014514,,,1658137030.9201677,,,0,0
2026-07-31T13:28:05.872125+00:00,16505.464696725,6.514509,,,1658137031.4202468,,,0,0
2026-07-31T13:28:06.372085+00:00,16505.964655702,7.014468,,,1658137031.920205,,,0,0
2026-07-31T13:28:06.872083+00:00,16506.464655155,7.514468,,,1658137032.4202173,,,0,0
2026-07-31T13:28:07.506931+00:00,16507.099503887,8.149316,1658137027.6249104,,1658137027.8132894,,,0,1
2026-07-31T13:28:07.906742+00:00,16507.499314139,8.549127,1658137028.02475,,1658137028.2383347,,,0,3
2026-07-31T13:28:08.496517+00:00,16508.089084320,9.138897,1658137028.6248615,,1658137028.8133104,,,0,6
2026-07-31T13:28:08.980031+00:00,16508.572603820,9.622416,1658137028.9247518,,1658137028.9883764,,,0,9
2026-07-31T13:28:09.469305+00:00,16509.061877874,10.111690,1658137029.324883,,1658137029.4883249,,,0,12
2026-07-31T13:28:09.950546+00:00,16509.543118660,10.592931,1658137029.62491,,1658137029.9633908,,,0,15
2026-07-31T13:28:10.430883+00:00,16510.023455974,11.073269,1658137030.1248667,,1658137030.4383914,,,0,18
2026-07-31T13:28:10.920877+00:00,16510.513449845,11.563262,1658137030.4249237,,1658137030.9384084,,,0,21
2026-07-31T13:28:11.402883+00:00,16510.995456077,12.045269,1658137030.824921,,1658137031.4134126,,,0,24
2026-07-31T13:28:11.888626+00:00,16511.481198740,12.531011,1658137031.2247653,,1658137031.9134355,,,0,27
2026-07-31T13:28:12.529466+00:00,16512.122038025,13.171851,1658137031.824723,,1658137032.538458,,,0,31
2026-07-31T13:28:13.014320+00:00,16512.606892692,13.656705,1658137032.1248643,,1658137033.0384836,,,0,34
2026-07-31T13:28:13.512074+00:00,16513.104646681,14.154459,1658137032.5247438,,1658137033.5135067,,,0,37
2026-07-31T13:28:13.875765+00:00,16513.468337574,14.518150,1658137032.7249086,,1658137033.8885186,,,0,39
2026-07-31T13:28:14.532277+00:00,16514.124849700,15.174662,1658137033.2248354,,1658137034.538546,,,0,43
2026-07-31T13:28:15.014296+00:00,16514.606868325,15.656681,1658137033.6248517,,1658137035.0385747,,,0,46
2026-07-31T13:28:15.495363+00:00,16515.087935803,16.137748,1658137034.0248604,,1658137035.513643,,,0,49
2026-07-31T13:28:15.976661+00:00,16515.569233809,16.619046,1658137034.4247053,,1658137035.9886043,,,0,52
2026-07-31T13:28:16.457733+00:00,16516.050303679,17.100116,1658137034.8248394,,1658137036.4636219,,,0,55
2026-07-31T13:28:16.940824+00:00,16516.533396217,17.583209,1658137035.2248266,,1658137036.9636436,,,0,58
2026-07-31T13:28:17.424481+00:00,16517.017053864,18.066866,1658137035.7249067,,1658137037.438669,,,0,61
2026-07-31T13:28:17.913431+00:00,16517.506002801,18.555815,1658137036.024936,,1658137037.9137614,,,0,64
2026-07-31T13:28:18.396180+00:00,16517.988752772,19.038565,1658137036.424735,,1658137038.413753,,,0,67
2026-07-31T13:28:18.878780+00:00,16518.471350611,19.521163,1658137036.8248398,1658137038.924757,1658137038.8887157,-2.09991717338562,-0.036041259765625,3,70
2026-07-31T13:28:19.377055+00:00,16518.969627137,20.019440,1658137037.2248166,1658137039.2248914,1658137039.3887575,-2.000074863433838,0.1638660430908203,6,73
2026-07-31T13:28:20.023845+00:00,16519.616417483,20.666230,1658137037.924741,1658137039.623708,1658137040.0388265,-1.6989669799804688,0.4151184558868408,10,77
2026-07-31T13:28:20.508749+00:00,16520.101321031,21.151134,1658137038.2247696,1658137039.9247477,1658137040.5137744,-1.6999781131744385,0.589026689529419,13,80
2026-07-31T13:28:20.995485+00:00,16520.588057572,21.637870,1658137038.6247509,1658137040.2089803,1658137041.0138583,-1.5842294692993164,0.8048779964447021,16,83
2026-07-31T13:28:21.479816+00:00,16521.072388984,22.122202,1658137039.2248952,1658137040.5248477,1658137041.4888487,-1.299952507019043,0.964000940322876,19,86
2026-07-31T13:28:21.961346+00:00,16521.553919077,22.603732,1658137039.7248366,1658137040.8245203,1658137041.9638429,-1.0996837615966797,1.1393225193023682,22,89
2026-07-31T13:28:22.438136+00:00,16522.030708331,23.080521,1658137040.2248855,1658137041.1218913,1658137042.438877,-0.8970057964324951,1.316985845565796,25,92
2026-07-31T13:28:22.919407+00:00,16522.511979987,23.561793,1658137040.8247697,1658137041.4247549,1658137042.9388936,-0.5999851226806641,1.5141386985778809,28,95
2026-07-31T13:28:23.395721+00:00,16522.988293325,24.038106,1658137041.2247727,1658137041.8064241,1658137043.4139063,-0.5816514492034912,1.6074821949005127,31,98
2026-07-31T13:28:23.879816+00:00,16523.472388657,24.522201,1658137041.6249294,1658137042.3248987,1658137043.888926,-0.6999692916870117,1.5640273094177246,34,101
2026-07-31T13:28:24.524236+00:00,16524.116809006,25.166622,1658137042.324903,1658137042.9186544,1658137044.5389829,-0.5937514305114746,1.620328426361084,38,105
2026-07-31T13:28:25.007515+00:00,16524.600087210,25.649900,1658137042.8248549,1658137043.4247346,1658137045.013984,-0.5998797416687012,1.5892493724822998,41,108
2026-07-31T13:28:25.489043+00:00,16525.081614902,26.131427,1658137043.2248344,1658137043.9223895,1658137045.5139918,-0.6975550651550293,1.5916023254394531,44,111
2026-07-31T13:28:25.980747+00:00,16525.573319828,26.623132,1658137043.9248347,1658137044.4230914,1658137045.9890537,-0.4982566833496094,1.565962314605713,47,114
2026-07-31T13:28:26.461760+00:00,16526.054332206,27.104145,1658137044.524908,1658137044.922734,1658137046.4640706,-0.3978259563446045,1.5413365364074707,50,117
2026-07-31T13:28:26.941177+00:00,16526.533749548,27.583562,1658137045.0248423,1658137045.3110292,1658137046.9640558,-0.28618693351745605,1.6530265808105469,53,120
2026-07-31T13:28:27.442587+00:00,16527.035158925,28.084971,1658137045.5247445,1658137045.824763,1658137047.4640772,-0.3000185489654541,1.6393141746520996,56,123
2026-07-31T13:28:27.929341+00:00,16527.521913270,28.571726,1658137045.9248543,1658137046.3248975,1658137047.9391303,-0.400043249130249,1.6142327785491943,59,126
2026-07-31T13:28:28.413131+00:00,16528.005701978,29.055515,1658137046.5248263,1658137046.8233771,1658137048.4141126,-0.2985508441925049,1.5907354354858398,62,129
2026-07-31T13:28:28.893089+00:00,16528.485660951,29.535474,1658137046.9248059,1658137047.3248487,1658137048.9141536,-0.4000427722930908,1.5893049240112305,65,132
2026-07-31T13:28:29.378440+00:00,16528.971012951,30.020826,1658137047.4248264,1658137047.8222144,1658137049.389154,-0.3973879814147949,1.5669395923614502,68,135
2026-07-31T13:28:30.026721+00:00,16529.619294187,30.669107,1658137048.0247748,1658137048.4248168,1658137050.0391984,-0.4000420570373535,1.6143815517425537,72,139
2026-07-31T13:28:30.522212+00:00,16530.114783502,31.164596,1658137048.3247297,1658137048.9248986,1658137050.5391982,-0.6001689434051514,1.6142995357513428,75,142
2026-07-31T13:28:31.019244+00:00,16530.611816371,31.661629,1658137048.624762,1658137049.4224992,1658137051.0392506,-0.7977371215820312,1.6167514324188232,78,145
2026-07-31T13:28:31.511312+00:00,16531.103883583,32.153696,1658137049.024749,1658137049.9235036,1658137051.5142937,-0.8987545967102051,1.590790033340454,81,148
2026-07-31T13:28:31.988702+00:00,16531.581274081,32.631087,1658137049.3248384,1658137050.41861,1658137051.989291,-1.0937716960906982,1.570680856704712,84,151
2026-07-31T13:28:32.466207+00:00,16532.058780311,33.108593,1658137050.0249252,1658137050.9205306,1658137052.489371,-0.8956053256988525,1.568840503692627,87,154
2026-07-31T13:28:32.951527+00:00,16532.544099762,33.593912,1658137050.8248873,1658137051.4149091,1658137052.9643004,-0.5900218486785889,1.549391269683838,90,157
2026-07-31T13:28:33.438776+00:00,16533.032928120,34.082741,1658137051.224734,1658137051.8248017,1658137053.464315,-0.6000676155090332,1.6395132541656494,93,160
2026-07-31T13:28:33.923143+00:00,16533.517295831,34.567108,1658137051.7248476,1658137052.3236961,1658137053.9393532,-0.5988485813140869,1.615657091140747,96,163
2026-07-31T13:28:34.412700+00:00,16534.006852156,35.056665,1658137052.2248013,1658137052.8132913,1658137054.4143481,-0.5884900093078613,1.6010568141937256,99,166
2026-07-31T13:28:34.896731+00:00,16534.490882236,35.540695,1658137052.5247474,1658137053.324816,1658137054.914414,-0.8000686168670654,1.5895979404449463,102,169
2026-07-31T13:28:35.385585+00:00,16534.979738124,36.029551,1658137053.024919,1658137053.8249202,1658137055.3893793,-0.8000011444091797,1.5644590854644775,105,172
2026-07-31T13:28:35.883147+00:00,16535.477300349,36.527113,1658137053.5247688,1658137054.323618,1658137055.889402,-0.7988491058349609,1.565783977508545,108,175
2026-07-31T13:28:36.530114+00:00,16536.124261855,37.174074,1658137054.0248487,1658137054.9233704,1658137056.5394208,-0.8985216617584229,1.6160504817962646,112,179
2026-07-31T13:28:37.016832+00:00,16536.610982367,37.660795,1658137054.4248374,1658137055.4163184,1658137057.0394244,-0.9914810657501221,1.6231060028076172,115,182
2026-07-31T13:28:37.498899+00:00,16537.093051740,38.142864,1658137054.8248322,1658137055.9249165,1658137057.5144384,-1.1000843048095703,1.589521884918213,118,185
2026-07-31T13:28:37.989598+00:00,16537.583751085,38.633564,1658137055.1248686,1658137056.4245865,1658137058.0144565,-1.299717903137207,1.5898699760437012,121,188
2026-07-31T13:28:38.484305+00:00,16538.078456945,39.128270,1658137055.824841,1658137056.9241667,1658137058.489499,-1.0993256568908691,1.5653324127197266,124,191
2026-07-31T13:28:38.964460+00:00,16538.558612279,39.608425,1658137056.6249232,1658137057.4240832,1658137058.9894917,-0.7991600036621094,1.56540846824646,127,194
2026-07-31T13:28:39.460536+00:00,16539.054689207,40.104502,1658137057.4249067,1658137057.9248483,1658137059.4645026,-0.4999415874481201,1.53965425491333,130,197
2026-07-31T13:28:39.944754+00:00,16539.538906252,40.588719,1658137057.9248526,1658137058.3243525,1658137059.9645107,-0.39949989318847656,1.6401581764221191,133,200
2026-07-31T13:28:40.436336+00:00,16540.030487415,41.080300,1658137058.5247428,1658137058.8247464,1658137060.4395318,-0.3000035285949707,1.6147854328155518,136,203
2026-07-31T13:28:40.925866+00:00,16540.520018506,41.569831,1658137058.9248548,1658137059.3247514,1658137060.9395444,-0.39989662170410156,1.614793062210083,139,206
2026-07-31T13:28:41.416404+00:00,16541.010557009,42.060370,1658137059.3248346,1658137059.8245442,1658137061.4395468,-0.4997096061706543,1.6150026321411133,142,209
2026-07-31T13:28:41.926405+00:00,16541.520557584,42.570370,1658137059.724719,1658137060.3248641,1658137061.9396057,-0.6001451015472412,1.614741563796997,145,212
2026-07-31T13:28:42.410645+00:00,16542.004798039,43.054611,1658137060.1248438,1658137060.8248038,1658137062.4146838,-0.6999599933624268,1.5898799896240234,148,215
2026-07-31T13:28:42.909198+00:00,16542.503350498,43.553163,1658137060.524797,1658137061.3226097,1658137062.9146597,-0.7978127002716064,1.5920500755310059,151,218
2026-07-31T13:28:43.395901+00:00,16542.990053621,44.039866,1658137060.8248081,1658137061.824846,1658137063.4146535,-1.0000379085540771,1.5898075103759766,154,221
2026-07-31T13:28:43.886682+00:00,16543.480834669,44.530647,1658137061.224817,1658137062.3224144,1658137063.889655,-1.097597360610962,1.5672407150268555,157,224
2026-07-31T13:28:44.535119+00:00,16544.129272148,45.179085,1658137061.72476,1658137062.9247382,1658137064.539694,-1.1999781131744385,1.6149559020996094,161,228
2026-07-31T13:28:45.016787+00:00,16544.610939448,45.660752,1658137062.4248276,1658137063.4248893,1658137065.0397434,-1.0000617504119873,1.614854097366333,164,231
2026-07-31T13:28:45.511873+00:00,16545.106025143,46.155838,1658137062.7248242,1658137063.924858,1658137065.5147336,-1.2000339031219482,1.5898754596710205,167,234
2026-07-31T13:28:46.002711+00:00,16545.596863220,46.646676,1658137063.2248921,1658137064.4246757,1658137066.0148144,-1.1997835636138916,1.5901386737823486,170,237
2026-07-31T13:28:46.484405+00:00,16546.078557355,47.128370,1658137063.724912,1658137064.9248762,1658137066.4897773,-1.1999642848968506,1.5649011135101318,173,240
2026-07-31T13:28:46.969132+00:00,16546.563285294,47.613098,1658137064.5248063,1658137065.4246922,1658137066.989827,-0.899885892868042,1.5651347637176514,176,243
2026-07-31T13:28:47.454147+00:00,16547.048300387,48.098113,1658137065.1248407,1658137065.9247227,1658137067.4648347,-0.7998819351196289,1.540112018585205,179,246
2026-07-31T13:28:47.932984+00:00,16547.527136215,48.576949,1658137065.7248063,1658137066.3241851,1658137067.9398432,-0.5993788242340088,1.6156580448150635,182,249
2026-07-31T13:28:48.417095+00:00,16548.011247380,49.061060,1658137066.4247465,1658137066.8240051,1658137068.4398746,-0.3992586135864258,1.6158695220947266,185,252
2026-07-31T13:28:48.903881+00:00,16548.498033909,49.547846,1658137067.0248132,1658137067.324069,1658137068.9149098,-0.2992558479309082,1.5908408164978027,188,255
2026-07-31T13:28:49.379423+00:00,16548.973576081,50.023389,1658137067.4247103,1658137067.824851,1658137069.3899326,-0.40014076232910156,1.5650815963745117,191,258
2026-07-31T13:28:50.021091+00:00,16549.615243172,50.665056,1658137068.1247647,1658137068.424672,1658137070.0399559,-0.29990720748901367,1.6152839660644531,195,262
2026-07-31T13:28:50.504632+00:00,16550.098783950,51.148597,1658137068.524837,1658137068.9236453,1658137070.5149841,-0.39880824089050293,1.591338872909546,198,265
2026-07-31T13:28:50.990904+00:00,16550.585057207,51.634870,1658137068.9248176,1658137069.4249225,1658137071.014993,-0.5001049041748047,1.5900704860687256,201,268
2026-07-31T13:28:51.467771+00:00,16551.061923558,52.111736,1658137069.4249265,1658137069.8246298,1658137071.4900327,-0.3997032642364502,1.665402889251709,204,271
2026-07-31T13:28:51.944413+00:00,16551.538565479,52.588378,1658137069.9248512,1658137070.4249046,1658137071.9650414,-0.5000534057617188,1.5401368141174316,207,274
2026-07-31T13:28:52.430455+00:00,16552.024607307,53.074420,1658137070.524752,1658137070.8247397,1658137072.440067,-0.29998779296875,1.6153273582458496,210,277
2026-07-31T13:28:52.908966+00:00,16552.503117888,53.552930,1658137071.0248063,1658137071.3248267,1658137072.9150972,-0.3000204563140869,1.5902705192565918,213,280
2026-07-31T13:28:53.390479+00:00,16552.984627193,54.034440,1658137071.5248034,1658137071.8227432,1658137073.4151185,-0.2979397773742676,1.5923752784729004,216,283
2026-07-31T13:28:53.874461+00:00,16553.468613609,54.518426,1658137071.8248384,1658137072.3247132,1658137073.890135,-0.4998748302459717,1.5654218196868896,219,286
2026-07-31T13:28:54.379693+00:00,16553.973845433,55.023658,1658137072.1248555,1658137072.8231678,1658137074.3901806,-0.6983122825622559,1.5670127868652344,222,289
2026-07-31T13:28:55.026487+00:00,16554.620639406,55.670452,1658137072.624742,1658137073.424402,1658137075.0401888,-0.7996599674224854,1.6157867908477783,226,293
2026-07-31T13:28:55.516699+00:00,16555.110851167,56.160664,1658137073.0248523,1658137073.9247327,1658137075.5402215,-0.8998804092407227,1.6154887676239014,229,296
2026-07-31T13:28:56.000982+00:00,16555.595134369,56.644947,1658137073.4249175,1658137074.4247203,1658137076.0152297,-0.999802827835083,1.5905094146728516,232,299
2026-07-31T13:28:56.480809+00:00,16556.074962004,57.124775,1658137073.9247367,1658137074.9247637,1658137076.4902575,-1.0000269412994385,1.5654938220977783,235,302
2026-07-31T13:28:56.963722+00:00,16556.557875169,57.607688,1658137074.6249037,1658137075.4247189,1658137076.9902813,-0.7998151779174805,1.5655624866485596,238,305
2026-07-31T13:28:57.449621+00:00,16557.043773833,58.093586,1658137075.2248204,1658137075.8247552,1658137077.4653258,-0.5999348163604736,1.6405706405639648,241,308
2026-07-31T13:28:57.944746+00:00,16557.538898678,58.588711,1658137075.6248102,1658137076.324841,1658137077.965318,-0.7000308036804199,1.640476942062378,244,311
2026-07-31T13:28:58.426649+00:00,16558.020801792,59.070614,1658137076.2247455,1658137076.8249269,1658137078.4403527,-0.6001813411712646,1.6154258251190186,247,314
2026-07-31T13:28:58.910640+00:00,16558.504791765,59.554604,1658137077.0248575,1658137077.3238444,1658137078.915369,-0.29898691177368164,1.591524600982666,250,317
2026-07-31T13:28:59.392440+00:00,16558.986591341,60.036404,1658137077.4247477,1658137077.8247726,1658137079.4153912,-0.4000248908996582,1.59061861038208,253,320
2026-07-31T13:28:59.878894+00:00,16559.473047185,60.522860,1658137077.724753,1658137078.3248787,1658137079.8904083,-0.600125789642334,1.5655295848846436,256,323
2026-07-31T13:29:00.527635+00:00,16560.121786505,61.171599,1658137078.4247305,1658137078.924908,1658137080.5404403,-0.5001773834228516,1.615532398223877,260,327
2026-07-31T13:29:01.015081+00:00,16560.609233259,61.659046,1658137078.8248272,1658137079.4242625,1658137081.040463,-0.5994353294372559,1.6162004470825195,263,330
2026-07-31T13:29:01.500868+00:00,16561.095020668,62.144833,1658137079.22481,1658137079.9246466,1658137081.515478,-0.6998367309570312,1.5908312797546387,266,333
2026-07-31T13:29:01.991172+00:00,16561.585324333,62.635137,1658137079.8248222,1658137080.4244502,1658137082.0154881,-0.5996279716491699,1.5910379886627197,269,336
2026-07-31T13:29:02.497629+00:00,16562.091781030,63.141594,1658137080.2248175,1658137080.9236183,1658137082.5155106,-0.698800802230835,1.5918922424316406,272,339
2026-07-31T13:29:02.976386+00:00,16562.570539196,63.620352,1658137080.5248184,1658137081.4246547,1658137082.9905367,-0.8998363018035889,1.5658819675445557,275,342
2026-07-31T13:29:03.463080+00:00,16563.058310292,64.108123,1658137080.8248472,1658137081.824429,1658137083.4905987,-0.9995818138122559,1.6661696434020996,278,345
2026-07-31T13:29:03.955576+00:00,16563.550806197,64.600619,1658137081.2248397,1658137082.4247797,1658137083.965586,-1.1999399662017822,1.5408062934875488,281,348
2026-07-31T13:29:04.450305+00:00,16564.045535321,65.095348,1658137081.6249084,1658137082.8248174,1658137084.4655967,-1.199908971786499,1.6407792568206787,284,351
2026-07-31T13:29:04.946310+00:00,16564.541540276,65.591353,1658137081.9249194,1658137083.3247628,1658137084.965631,-1.399843454360962,1.6408681869506836,287,354
2026-07-31T13:29:05.436282+00:00,16565.031512279,66.081325,1658137082.924819,1658137083.8241153,1658137085.4406464,-0.8992962837219238,1.6165311336517334,290,357
2026-07-31T13:29:05.928704+00:00,16565.523934609,66.573747,1658137083.5248659,1658137084.3249195,1658137085.9406643,-0.800053596496582,1.6157448291778564,293,360
2026-07-31T13:29:06.426812+00:00,16566.022041638,67.071854,1658137084.0248308,1658137084.8249047,1658137086.4406824,-0.8000738620758057,1.6157777309417725,296,363
2026-07-31T13:29:06.916006+00:00,16566.511237064,67.561050,1658137084.5248823,1658137085.324787,1658137086.9406908,-0.7999045848846436,1.6159038543701172,299,366
2026-07-31T13:29:07.394789+00:00,16566.990019823,68.039832,1658137085.0248253,1658137085.824675,1658137087.4157195,-0.7998497486114502,1.5910444259643555,302,369
2026-07-31T13:29:07.876263+00:00,16567.471493541,68.521306,1658137085.6249266,1658137086.3243625,1658137087.8907154,-0.6994359493255615,1.5663528442382812,305,372
2026-07-31T13:29:08.519777+00:00,16568.115007535,69.164820,1658137086.3248122,1658137086.9247582,1658137088.5407348,-0.5999460220336914,1.6159765720367432,309,376
2026-07-31T13:29:09.011429+00:00,16568.606660017,69.656473,1658137086.8249102,1658137087.4240975,1658137089.0157747,-0.5991873741149902,1.591677188873291,312,379
2026-07-31T13:29:09.495542+00:00,16569.090772467,70.140585,1658137087.4247172,1658137087.9249246,1658137089.5158038,-0.5002074241638184,1.590879201889038,315,382
2026-07-31T13:29:09.975453+00:00,16569.570683513,70.620496,1658137087.824827,1658137088.4244397,1658137089.9908195,-0.5996127128601074,1.5663797855377197,318,385
2026-07-31T13:29:10.474929+00:00,16570.070160119,71.119973,1658137088.3248239,1658137088.9244199,1658137090.4908416,-0.5995960235595703,1.5664217472076416,321,388
2026-07-31T13:29:10.953512+00:00,16570.548742485,71.598555,1658137088.72482,1658137089.4238307,1658137090.9659066,-0.6990108489990234,1.5420758724212646,324,391
2026-07-31T13:29:11.437620+00:00,16571.032850356,72.082663,1658137089.3248565,1658137089.8249264,1658137091.44093,-0.5000698566436768,1.6160035133361816,327,394
2026-07-31T13:29:11.915674+00:00,16571.510904628,72.560717,1658137089.9247792,1658137090.324794,1658137091.940898,-0.40001487731933594,1.6161038875579834,330,397
2026-07-31T13:29:12.397826+00:00,16571.993056031,73.042869,1658137090.3248444,1658137090.8243773,1658137092.41592,-0.49953293800354004,1.5915427207946777,333,400
2026-07-31T13:29:12.877053+00:00,16572.472282411,73.522095,1658137090.7249045,1658137091.324446,1658137092.8909385,-0.599541425704956,1.5664925575256348,336,403
2026-07-31T13:29:13.517114+00:00,16573.112344341,74.162157,1658137091.4247572,1658137091.924495,1658137093.54098,-0.4997377395629883,1.6164851188659668,340,407
2026-07-31T13:29:14.008440+00:00,16573.603670644,74.653483,1658137091.7249064,1658137092.4247823,1658137094.0159779,-0.6998758316040039,1.5911955833435059,343,410
2026-07-31T13:29:14.503853+00:00,16574.099083023,75.148896,1658137092.0249228,1658137092.9245274,1658137094.515998,-0.8996045589447021,1.59147047996521,346,413
2026-07-31T13:29:14.984136+00:00,16574.579366763,75.629179,1658137092.524913,1658137093.423502,1658137094.9910316,-0.8985888957977295,1.5675296783447266,349,416
2026-07-31T13:29:15.483629+00:00,16575.078859323,76.128672,1658137093.0248454,1658137093.9218001,1658137095.4910393,-0.8969547748565674,1.5692391395568848,352,419
2026-07-31T13:29:15.961254+00:00,16575.556484713,76.606297,1658137093.424813,1658137094.4246473,1658137095.9660635,-0.9998342990875244,1.5414161682128906,355,422
2026-07-31T13:29:16.441305+00:00,16576.036535553,77.086348,1658137094.024878,1658137094.8236356,1658137096.466086,-0.7987575531005859,1.6424503326416016,358,425
2026-07-31T13:29:16.926988+00:00,16576.522218160,77.572031,1658137094.8248107,1658137095.3244793,1658137096.9411063,-0.49966859817504883,1.6166269779205322,361,428
2026-07-31T13:29:17.404018+00:00,16576.999248088,78.049061,1658137095.624914,1658137095.824651,1658137097.416125,-0.1997370719909668,1.5914740562438965,364,431
2026-07-31T13:29:17.881457+00:00,16577.476687370,78.526500,1658137095.924929,1658137096.3244994,1658137097.8911319,-0.3995704650878906,1.5666325092315674,367,434
2026-07-31T13:29:18.523038+00:00,16578.118268339,79.168081,1658137096.524875,1658137096.9247942,1658137098.5411673,-0.3999192714691162,1.616373062133789,371,438
2026-07-31T13:29:19.006689+00:00,16578.601919447,79.651732,1658137097.0247204,1658137097.42473,1658137099.0161831,-0.4000096321105957,1.5914530754089355,374,441
2026-07-31T13:29:19.489818+00:00,16579.085048941,80.134862,1658137097.4247344,1658137097.9246979,1658137099.5162017,-0.49996352195739746,1.5915038585662842,377,444
2026-07-31T13:29:19.967518+00:00,16579.562748830,80.612561,1658137097.9248018,1658137098.3233194,1658137099.9912336,-0.3985176086425781,1.6679141521453857,380,447
2026-07-31T13:29:20.454780+00:00,16580.050010453,81.099823,1658137098.224917,1658137098.9239683,1658137100.4662495,-0.6990513801574707,1.542281150817871,383,450
2026-07-31T13:29:20.936724+00:00,16580.531954586,81.581767,1658137098.8248432,1658137099.3248298,1658137100.9412613,-0.4999866485595703,1.616431474685669,386,453
2026-07-31T13:29:21.418815+00:00,16581.014046104,82.063859,1658137099.22484,1658137099.824885,1658137101.4412916,-0.6000449657440186,1.6164066791534424,389,456
2026-07-31T13:29:21.902237+00:00,16581.497466992,82.547280,1658137099.6248515,1658137100.3248622,1658137101.9162977,-0.7000107765197754,1.591435432434082,392,459
2026-07-31T13:29:22.383024+00:00,16581.978254319,83.028067,1658137100.0248022,1658137100.824816,1658137102.3913276,-0.8000137805938721,1.566511631011963,395,462
2026-07-31T13:29:23.020340+00:00,16582.615570170,83.665383,1658137100.8248203,1658137101.424903,1658137103.041352,-0.6000826358795166,1.6164491176605225,399,466
2026-07-31T13:29:23.500137+00:00,16583.095367126,84.145180,1658137101.1248298,1658137101.9246693,1658137103.5163772,-0.7998394966125488,1.5917079448699951,402,469
2026-07-31T13:29:23.984868+00:00,16583.580098610,84.629911,1658137101.5247498,1658137102.4239228,1658137103.9913974,-0.8991730213165283,1.567474603652954,405,472
2026-07-31T13:29:24.464505+00:00,16584.059735600,85.109548,1658137101.9248695,1658137102.924714,1658137104.4914134,-0.9998445510864258,1.5666992664337158,408,475
2026-07-31T13:29:24.948431+00:00,16584.543661863,85.593474,1658137102.5247583,1658137103.3246038,1658137104.9664454,-0.7998454570770264,1.6418416500091553,411,478
2026-07-31T13:29:25.431843+00:00,16585.027074063,86.076887,1658137103.0249317,1658137103.8247306,1658137105.441441,-0.7997989654541016,1.6167104244232178,414,481
2026-07-31T13:29:25.901535+00:00,16585.496765242,86.546578,1658137103.9247346,1658137104.3242218,1658137105.9164658,-0.3994872570037842,1.5922439098358154,417,484
2026-07-31T13:29:26.383602+00:00,16585.978832684,87.028645,1658137104.4248064,1658137104.82439,1658137106.3914948,-0.3995835781097412,1.5671048164367676,420,487
2026-07-31T13:29:27.026430+00:00,16586.621660428,87.671473,1658137105.2247555,1658137105.4248247,1658137107.041515,-0.20006918907165527,1.6166903972625732,424,491
2026-07-31T13:29:27.513213+00:00,16587.108443763,88.158256,1658137105.7248497,1658137105.9249284,1658137107.5165527,-0.20007872581481934,1.5916242599487305,427,494
2026-07-31T13:29:27.986027+00:00,16587.581257915,88.631070,1658137106.1248748,1658137106.424663,1658137107.9915633,-0.299788236618042,1.5669002532958984,430,497
2026-07-31T13:29:28.462516+00:00,16588.057745493,89.107558,1658137106.5249143,1658137106.924811,1658137108.4665897,-0.39989662170410156,1.541778802871704,433,500
2026-07-31T13:29:28.941620+00:00,16588.536849914,89.586662,1658137107.0247347,1658137107.3247836,1658137108.9665935,-0.300048828125,1.6418099403381348,436,503
2026-07-31T13:29:29.420561+00:00,16589.015790702,90.065603,1658137107.5248654,1658137107.8247561,1658137109.4416294,-0.29989075660705566,1.6168732643127441,439,506
2026-07-31T13:29:29.899270+00:00,16589.494500834,90.544313,1658137107.9248605,1658137108.324832,1658137109.916642,-0.39997148513793945,1.5918099880218506,442,509
2026-07-31T13:29:30.394922+00:00,16589.990152725,91.039965,1658137108.3248358,1658137108.824908,1658137110.4166477,-0.5000722408294678,1.5917396545410156,445,512
2026-07-31T13:29:30.873060+00:00,16590.468289460,91.518102,1658137108.824912,1658137109.3247693,1658137110.8916745,-0.49985718727111816,1.5669052600860596,448,515
2026-07-31T13:29:31.511602+00:00,16591.106832573,92.156645,1658137109.5247138,1658137109.9238524,1658137111.5167067,-0.3991386890411377,1.5928542613983154,452,519
2026-07-31T13:29:31.987454+00:00,16591.582683543,92.632496,1658137110.0249352,1658137110.4248111,1658137111.9917269,-0.3998758792877197,1.56691575050354,455,522
2026-07-31T13:29:32.471765+00:00,16592.066995065,93.116808,1658137110.4248154,1658137110.924058,1658137112.4917517,-0.49924254417419434,1.5676937103271484,458,525
2026-07-31T13:29:32.949979+00:00,16592.545209835,93.595022,1658137111.0248468,1658137111.3247967,1658137112.9668088,-0.29994988441467285,1.642012119293213,461,528
2026-07-31T13:29:33.428572+00:00,16593.025054899,94.074867,1658137111.4249089,1658137111.8248353,1658137113.4417808,-0.39992642402648926,1.616945505142212,464,531
2026-07-31T13:29:33.911405+00:00,16593.507887145,94.557700,1658137111.9247558,1658137112.3246171,1658137113.916802,-0.39986133575439453,1.5921847820281982,467,534
2026-07-31T13:29:34.387717+00:00,16593.984199049,95.034012,1658137112.4248528,1658137112.8247118,1658137114.3918417,-0.3998589515686035,1.5671298503875732,470,537
2026-07-31T13:29:35.024248+00:00,16594.620730486,95.670543,1658137113.1248846,1658137113.4244394,1658137115.041842,-0.29955482482910156,1.6174025535583496,474,541
2026-07-31T13:29:35.508732+00:00,16595.105215133,96.155028,1658137113.5248468,1658137113.9248316,1658137115.5168638,-0.39998483657836914,1.5920321941375732,477,544
2026-07-31T13:29:35.984839+00:00,16595.581321262,96.631134,1658137113.924836,1658137114.4243622,1658137115.991892,-0.4995262622833252,1.5675299167633057,480,547
2026-07-31T13:29:36.469433+00:00,16596.065915789,97.115728,1658137114.3248188,1658137114.9247506,1658137116.4919016,-0.5999317169189453,1.5671510696411133,483,550
2026-07-31T13:29:36.947299+00:00,16596.543781405,97.593594,1658137114.824918,1658137115.3244872,1658137116.9669213,-0.4995691776275635,1.6424341201782227,486,553
2026-07-31T13:29:37.425800+00:00,16597.022283055,98.072096,1658137115.5248098,1658137115.824713,1658137117.4419565,-0.29990315437316895,1.6172435283660889,489,556
2026-07-31T13:29:37.901592+00:00,16597.498073161,98.547886,1658137116.0248997,1658137116.323484,1658137117.9169688,-0.2985842227935791,1.593484878540039,492,559
2026-07-31T13:29:38.376914+00:00,16597.973395787,99.023208,1658137116.5249074,1658137116.8246477,1658137118.391985,-0.2997403144836426,1.5673372745513916,495,562
2026-07-31T13:29:39.018219+00:00,16598.614701584,99.664514,1658137117.0247605,1658137117.424777,1658137119.0420167,-0.40001654624938965,1.6172397136688232,499,566
2026-07-31T13:29:39.494198+00:00,16599.090680617,100.140493,1658137117.4249105,1658137117.924016,1658137119.5170274,-0.49910545349121094,1.5930113792419434,502,569
2026-07-31T13:29:39.963739+00:00,16599.560221773,100.610034,1658137117.8247619,1658137118.4236739,1658137119.992051,-0.5989120006561279,1.5683770179748535,505,572
2026-07-31T13:29:40.456863+00:00,16600.053344236,101.103157,1658137118.2247415,1658137118.9231849,1658137120.4670844,-0.6984434127807617,1.5438995361328125,508,575
2026-07-31T13:29:40.938362+00:00,16600.534845205,101.584658,1658137118.7247458,1658137119.324491,1658137120.9670866,-0.5997452735900879,1.6425955295562744,511,578
2026-07-31T13:29:41.415871+00:00,16601.012353333,102.062166,1658137119.3248904,1658137119.8248453,1658137121.4421177,-0.4999549388885498,1.6172723770141602,514,581
2026-07-31T13:29:41.889004+00:00,16601.485486962,102.535300,1658137119.7247574,1658137120.324852,1658137121.9171288,-0.6000945568084717,1.5922768115997314,517,584
2026-07-31T13:29:42.534341+00:00,16602.130823298,103.180636,1658137120.4247537,1658137120.9248462,1658137122.5421598,-0.5000925064086914,1.6173136234283447,521,588
2026-07-31T13:29:43.006178+00:00,16602.602661075,103.652474,1658137120.9248502,1658137121.4243412,1658137123.0171716,-0.49949097633361816,1.5928304195404053,524,591
2026-07-31T13:29:43.482672+00:00,16603.079154365,104.128967,1658137121.2247488,1658137121.9246294,1658137123.4921901,-0.6998805999755859,1.5675606727600098,527,594
2026-07-31T13:29:43.964151+00:00,16603.560633082,104.610446,1658137121.524919,1658137122.32341,1658137123.9922097,-0.7984910011291504,1.668799638748169,530,597
2026-07-31T13:29:44.443954+00:00,16604.040435919,105.090248,1658137122.1248252,1658137122.8248723,1658137124.4672315,-0.7000470161437988,1.6423592567443848,533,600
2026-07-31T13:29:44.918031+00:00,16604.514514204,105.564327,1658137122.424725,1658137123.3248637,1658137124.9422486,-0.9001386165618896,1.617384910583496,536,603
2026-07-31T13:29:45.410320+00:00,16605.006802295,106.056615,1658137122.8248765,1658137123.824876,1658137125.4172685,-0.9999995231628418,1.5923924446105957,539,606
2026-07-31T13:29:45.887574+00:00,16605.484056081,106.533869,1658137123.1247356,1658137124.3247888,1658137125.8922896,-1.2000532150268555,1.5675008296966553,542,609
2026-07-31T13:29:46.523262+00:00,16606.119744957,107.169558,1658137124.0248303,1658137124.9248462,1658137126.542319,-0.9000158309936523,1.6174728870391846,546,613
2026-07-31T13:29:47.000737+00:00,16606.597219342,107.647032,1658137124.7249131,1658137125.4248397,1658137127.0173218,-0.6999266147613525,1.592482089996338,549,616
2026-07-31T13:29:47.489512+00:00,16607.085994683,108.135807,1658137125.52477,1658137125.9246101,1658137127.5173473,-0.3998401165008545,1.5927371978759766,552,619
2026-07-31T13:29:47.962304+00:00,16607.558785923,108.608598,1658137126.0248187,1658137126.4247315,1658137127.96738,-0.39991283416748047,1.5426485538482666,555,622
2026-07-31T13:29:48.434637+00:00,16608.031119726,109.080932,1658137126.6249216,1658137126.8244593,1658137128.4424007,-0.1995377540588379,1.6179413795471191,558,625
2026-07-31T13:29:48.914276+00:00,16608.510759033,109.560572,1658137127.1248515,1658137127.3242452,1658137128.9424095,-0.19939374923706055,1.618164300918579,561,628
2026-07-31T13:29:49.388022+00:00,16608.984504678,110.034317,1658137127.5248406,1658137127.8246524,1658137129.3924425,-0.29981184005737305,1.5677900314331055,564,631
2026-07-31T13:29:50.020251+00:00,16609.616733833,110.666546,1658137128.1247234,1658137128.4246962,1658137130.042462,-0.2999727725982666,1.6177659034729004,568,635
2026-07-31T13:29:50.506448+00:00,16610.102930384,111.152743,1658137128.6247692,1658137128.924902,1658137130.5174701,-0.30013275146484375,1.5925681591033936,571,638
2026-07-31T13:29:50.994510+00:00,16610.590992566,111.640805,1658137129.0247495,1658137129.423562,1658137131.0175004,-0.39881253242492676,1.5939383506774902,574,641
2026-07-31T13:29:51.467060+00:00,16611.063541528,112.113354,1658137129.424817,1658137129.9224765,1658137131.4925177,-0.49765944480895996,1.5700411796569824,577,644
2026-07-31T13:29:51.945796+00:00,16611.542277830,112.592090,1658137130.0248535,1658137130.3245387,1658137131.9675424,-0.2996852397918701,1.6430037021636963,580,647
2026-07-31T13:29:52.430390+00:00,16612.026872016,113.076685,1658137130.5249248,1658137130.824666,1658137132.442552,-0.299741268157959,1.6178860664367676,583,650
2026-07-31T13:29:52.904728+00:00,16612.501209667,113.551022,1658137130.924915,1658137131.324743,1658137132.917571,-0.3998279571533203,1.5928280353546143,586,653
2026-07-31T13:29:53.376822+00:00,16612.973303686,114.023116,1658137131.424852,1658137131.8248107,1658137133.3926013,-0.39995884895324707,1.5677905082702637,589,656
2026-07-31T13:29:54.015066+00:00,16613.611547500,114.661360,1658137132.0247567,1658137132.4239106,1658137134.042632,-0.3991539478302002,1.6187214851379395,593,660
2026-07-31T13:29:54.498562+00:00,16614.095044670,115.144857,1658137132.5248318,1658137132.924791,1658137134.5176492,-0.3999593257904053,1.592858076095581,596,663
2026-07-31T13:29:54.968169+00:00,16614.564651663,115.614464,1658137133.0249004,1658137133.424687,1658137134.9926653,-0.39978647232055664,1.5679783821105957,599,666
2026-07-31T13:29:55.447411+00:00,16615.043892219,116.093705,1658137133.5248208,1658137133.8246047,1658137135.467677,-0.29978394508361816,1.6430723667144775,602,669
2026-07-31T13:29:55.930025+00:00,16615.526507698,116.576320,1658137133.9248133,1658137134.3249238,1658137135.9426942,-0.40011048316955566,1.6177704334259033,605,672
2026-07-31T13:29:56.402402+00:00,16615.998884960,117.048698,1658137134.3249276,1658137134.8247352,1658137136.417718,-0.49980759620666504,1.5929827690124512,608,675
2026-07-31T13:29:56.882506+00:00,16616.478988148,117.528801,1658137134.7249038,1658137135.3248136,1658137136.892751,-0.599909782409668,1.5679373741149902,611,678
2026-07-31T13:29:57.515394+00:00,16617.111877004,118.161690,1658137135.4249156,1658137135.9244509,1658137137.542775,-0.49953532218933105,1.6183240413665771,615,682
2026-07-31T13:29:57.998930+00:00,16617.595412516,118.645225,1658137136.1248326,1658137136.4244902,1658137138.0177906,-0.29965758323669434,1.5933003425598145,618,685
2026-07-31T13:29:58.470849+00:00,16618.067331575,119.117144,1658137136.5249104,1658137136.924761,1658137138.4928188,-0.39985060691833496,1.5680577754974365,621,688
2026-07-31T13:29:58.945513+00:00,16618.541995486,119.591808,1658137137.0248556,1658137137.3247807,1658137138.9678543,-0.2999250888824463,1.643073558807373,624,691
2026-07-31T13:29:59.428183+00:00,16619.024665233,120.074478,1658137137.52487,1658137137.8248386,1658137139.4428413,-0.2999687194824219,1.6180026531219482,627,694
2026-07-31T13:29:59.902457+00:00,16619.498938868,120.548751,1658137138.0248184,1658137138.3242323,1658137139.9178598,-0.29941391944885254,1.5936274528503418,630,697
2026-07-31T13:30:00.393585+00:00,16619.990068246,121.039881,1658137138.4247673,1658137138.8246253,1658137140.4178827,-0.3998579978942871,1.5932574272155762,633,700
2026-07-31T13:30:01.026980+00:00,16620.623461937,121.673275,1658137138.9248292,1658137139.424884,1658137141.0429199,-0.5000548362731934,1.6180357933044434,637,704
2026-07-31T13:30:01.508564+00:00,16621.105047191,122.154860,1658137139.3248138,1658137139.9246602,1658137141.51793,-0.599846363067627,1.5932698249816895,640,707
2026-07-31T13:30:01.978878+00:00,16621.575359116,122.625172,1658137139.7247767,1658137140.3247285,1658137141.892948,-0.5999517440795898,1.5682194232940674,643,710
2026-07-31T13:30:02.467203+00:00,16622.063682917,123.113495,1658137140.0249207,1658137140.6247544,1658137141.967941,-0.5998337268829346,1.343186616897583,646,713
2026-07-31T13:30:02.948011+00:00,16622.544493271,123.594306,1658137140.4249225,1658137140.923833,1658137142.0429537,-0.49891042709350586,1.1191208362579346,649,716
2026-07-31T13:30:03.426740+00:00,16623.024384695,124.074197,1658137140.82476,1658137141.224583,1658137142.1179495,-0.3998229503631592,0.8933665752410889,652,719
2026-07-31T13:30:03.900289+00:00,16623.497932989,124.547746,1658137141.2248576,1658137141.5248127,1658137142.1929705,-0.2999551296234131,0.6681578159332275,655,722
2026-07-31T13:30:04.381685+00:00,16623.979328974,125.029142,1658137141.6249216,1658137141.824675,1658137142.267953,-0.1997535228729248,0.44327783584594727,658,725
2026-07-31T13:30:05.022656+00:00,16624.620299821,125.670112,1658137142.024897,1658137142.2237537,1658137142.3679614,-0.19885659217834473,0.14420771598815918,662,729
2026-07-31T13:30:05.372171+00:00,16624.969812430,126.019625,1658137142.1247377,1658137142.2237537,1658137142.3679614,-0.09901595115661621,0.14420771598815918,662,730
2026-07-31T13:30:05.872157+00:00,16625.469799599,126.519612,1658137142.1247377,1658137142.2237537,1658137142.3679614,-0.09901595115661621,0.14420771598815918,662,730
2026-07-31T13:30:06.372170+00:00,16625.969811699,127.019624,1658137142.1247377,1658137142.2237537,1658137142.3679614,-0.09901595115661621,0.14420771598815918,662,730
2026-07-31T13:30:06.872098+00:00,16626.469742135,127.519555,1658137142.1247377,1658137142.2237537,1658137142.3679614,-0.09901595115661621,0.14420771598815918,662,730
2026-07-31T13:30:07.372151+00:00,16626.969793671,128.019606,1658137142.1247377,1658137142.2237537,1658137142.3679614,-0.09901595115661621,0.14420771598815918,662,730
2026-07-31T13:30:07.872214+00:00,16627.469854818,128.519667,1658137142.1247377,1658137142.2237537,1658137142.3679614,-0.09901595115661621,0.14420771598815918,662,730
2026-07-31T13:30:08.272950+00:00,16627.870592438,128.920405,1658137142.1247377,1658137142.2237537,1658137142.3679614,-0.09901595115661621,0.14420771598815918,662,730
