timestamp_utc,run_id,container_id,cpu_percent,memory_usage,memory_limit,memory_percent,net_io,block_io,pids
"2026-07-31T12:40:22.0266606Z","performance_03","dc3ae6023b26","181.35%","2.651GiB","7.612GiB","34.82%","5.67MB / 3.93MB","132GB / 34.7GB","62"
"2026-07-31T12:40:24.0902752Z","performance_03","dc3ae6023b26","27.76%","2.738GiB","7.612GiB","35.97%","5.67MB / 3.93MB","132GB / 34.7GB","48"
"2026-07-31T12:40:26.1246438Z","performance_03","dc3ae6023b26","161.76%","2.773GiB","7.612GiB","36.42%","5.68MB / 3.94MB","132GB / 34.7GB","78"
"2026-07-31T12:40:28.1561520Z","performance_03","dc3ae6023b26","162.17%","2.771GiB","7.612GiB","36.40%","5.68MB / 3.94MB","132GB / 34.7GB","77"
"2026-07-31T12:40:30.1882905Z","performance_03","dc3ae6023b26","4.90%","2.795GiB","7.612GiB","36.72%","5.69MB / 3.95MB","132GB / 34.7GB","94"
"2026-07-31T12:40:33.1940133Z","performance_03","dc3ae6023b26","22.04%","2.876GiB","7.612GiB","37.78%","5.7MB / 3.96MB","132GB / 34.7GB","105"
"2026-07-31T12:40:35.2239583Z","performance_03","dc3ae6023b26","12.43%","2.876GiB","7.612GiB","37.78%","5.7MB / 3.96MB","132GB / 34.7GB","105"
"2026-07-31T12:40:37.2556311Z","performance_03","dc3ae6023b26","12.09%","2.876GiB","7.612GiB","37.78%","5.7MB / 3.96MB","132GB / 34.7GB","105"
"2026-07-31T12:40:39.2880086Z","performance_03","dc3ae6023b26","104.06%","2.967GiB","7.612GiB","38.98%","5.7MB / 3.96MB","132GB / 34.7GB","106"
"2026-07-31T12:40:41.3180223Z","performance_03","dc3ae6023b26","111.32%","2.989GiB","7.612GiB","39.26%","5.7MB / 3.96MB","132GB / 34.7GB","106"
"2026-07-31T12:40:44.3246805Z","performance_03","dc3ae6023b26","110.83%","2.965GiB","7.612GiB","38.94%","5.7MB / 3.96MB","132GB / 34.7GB","106"
"2026-07-31T12:40:46.3560884Z","performance_03","dc3ae6023b26","113.53%","2.974GiB","7.612GiB","39.07%","5.71MB / 3.97MB","132GB / 34.7GB","106"
"2026-07-31T12:40:48.3857861Z","performance_03","dc3ae6023b26","111.80%","2.974GiB","7.612GiB","39.07%","5.71MB / 3.97MB","132GB / 34.7GB","106"
"2026-07-31T12:40:50.4156756Z","performance_03","dc3ae6023b26","132.38%","2.996GiB","7.612GiB","39.35%","5.71MB / 3.97MB","132GB / 34.7GB","108"
"2026-07-31T12:40:53.4206369Z","performance_03","dc3ae6023b26","135.43%","2.989GiB","7.612GiB","39.26%","5.71MB / 3.97MB","132GB / 34.7GB","108"
"2026-07-31T12:40:55.4496049Z","performance_03","dc3ae6023b26","139.35%","2.996GiB","7.612GiB","39.36%","5.71MB / 3.97MB","132GB / 34.7GB","108"
"2026-07-31T12:40:57.4789054Z","performance_03","dc3ae6023b26","140.33%","3.001GiB","7.612GiB","39.42%","5.71MB / 3.97MB","132GB / 34.7GB","108"
"2026-07-31T12:40:59.5085568Z","performance_03","dc3ae6023b26","138.29%","2.992GiB","7.612GiB","39.31%","5.71MB / 3.97MB","132GB / 34.7GB","108"
"2026-07-31T12:41:01.5397228Z","performance_03","dc3ae6023b26","137.79%","3.001GiB","7.612GiB","39.42%","5.71MB / 3.97MB","132GB / 34.7GB","108"
"2026-07-31T12:41:04.5442628Z","performance_03","dc3ae6023b26","139.94%","3.005GiB","7.612GiB","39.48%","5.71MB / 3.97MB","132GB / 34.7GB","108"
"2026-07-31T12:41:06.5743058Z","performance_03","dc3ae6023b26","141.56%","2.995GiB","7.612GiB","39.34%","5.72MB / 3.98MB","132GB / 34.7GB","108"
"2026-07-31T12:41:08.6059090Z","performance_03","dc3ae6023b26","144.17%","2.995GiB","7.612GiB","39.35%","5.72MB / 3.98MB","132GB / 34.7GB","108"
"2026-07-31T12:41:10.6362816Z","performance_03","dc3ae6023b26","147.45%","2.993GiB","7.612GiB","39.31%","5.72MB / 3.98MB","132GB / 34.7GB","108"
"2026-07-31T12:41:13.6397090Z","performance_03","dc3ae6023b26","147.72%","3GiB","7.612GiB","39.41%","5.72MB / 3.98MB","132GB / 34.7GB","108"
"2026-07-31T12:41:15.6687168Z","performance_03","dc3ae6023b26","147.38%","3.006GiB","7.612GiB","39.48%","5.72MB / 3.98MB","132GB / 34.7GB","108"
"2026-07-31T12:41:17.6985588Z","performance_03","dc3ae6023b26","146.77%","3.01GiB","7.612GiB","39.54%","5.72MB / 3.98MB","132GB / 34.7GB","108"
"2026-07-31T12:41:19.7293380Z","performance_03","dc3ae6023b26","148.18%","3.002GiB","7.612GiB","39.43%","5.72MB / 3.98MB","132GB / 34.7GB","108"
"2026-07-31T12:41:21.7598513Z","performance_03","dc3ae6023b26","147.71%","3.01GiB","7.612GiB","39.54%","5.72MB / 3.98MB","132GB / 34.7GB","108"
"2026-07-31T12:41:24.7639158Z","performance_03","dc3ae6023b26","148.29%","3.003GiB","7.612GiB","39.45%","5.73MB / 3.99MB","132GB / 34.7GB","108"
"2026-07-31T12:41:26.7927638Z","performance_03","dc3ae6023b26","152.09%","3.003GiB","7.612GiB","39.45%","5.73MB / 3.99MB","132GB / 34.7GB","108"
"2026-07-31T12:41:28.8238414Z","performance_03","dc3ae6023b26","152.20%","3.004GiB","7.612GiB","39.46%","5.73MB / 3.99MB","132GB / 34.7GB","108"
"2026-07-31T12:41:30.8572337Z","performance_03","dc3ae6023b26","155.01%","3.007GiB","7.612GiB","39.51%","5.73MB / 3.99MB","132GB / 34.7GB","108"
"2026-07-31T12:41:33.8624702Z","performance_03","dc3ae6023b26","160.35%","3.011GiB","7.612GiB","39.56%","5.73MB / 3.99MB","132GB / 34.7GB","108"
"2026-07-31T12:41:35.8912441Z","performance_03","dc3ae6023b26","164.94%","3.015GiB","7.612GiB","39.61%","5.73MB / 3.99MB","132GB / 34.7GB","108"
"2026-07-31T12:41:37.9210902Z","performance_03","dc3ae6023b26","163.66%","3.016GiB","7.612GiB","39.62%","5.73MB / 3.99MB","132GB / 34.7GB","108"
"2026-07-31T12:41:39.9516294Z","performance_03","dc3ae6023b26","163.02%","3.019GiB","7.612GiB","39.66%","5.73MB / 3.99MB","132GB / 34.7GB","108"
"2026-07-31T12:41:41.9829749Z","performance_03","dc3ae6023b26","165.40%","3.024GiB","7.612GiB","39.72%","5.74MB / 4MB","132GB / 34.7GB","108"
"2026-07-31T12:41:44.9872154Z","performance_03","dc3ae6023b26","166.74%","3.035GiB","7.612GiB","39.86%","5.74MB / 4MB","132GB / 34.7GB","108"
"2026-07-31T12:41:47.0201335Z","performance_03","dc3ae6023b26","163.21%","3.045GiB","7.612GiB","40.00%","5.74MB / 4MB","132GB / 34.7GB","108"
"2026-07-31T12:41:49.0516933Z","performance_03","dc3ae6023b26","164.35%","3.036GiB","7.612GiB","39.88%","5.74MB / 4MB","132GB / 34.7GB","108"
"2026-07-31T12:41:51.0826054Z","performance_03","dc3ae6023b26","165.87%","3.041GiB","7.612GiB","39.95%","5.74MB / 4MB","132GB / 34.7GB","108"
"2026-07-31T12:41:54.0868936Z","performance_03","dc3ae6023b26","164.99%","3.047GiB","7.612GiB","40.02%","5.74MB / 4MB","132GB / 34.7GB","108"
"2026-07-31T12:41:56.1176961Z","performance_03","dc3ae6023b26","162.49%","3.044GiB","7.612GiB","39.99%","5.74MB / 4MB","132GB / 34.7GB","108"
"2026-07-31T12:41:58.1531444Z","performance_03","dc3ae6023b26","165.83%","3.05GiB","7.612GiB","40.06%","5.74MB / 4MB","132GB / 34.7GB","108"
"2026-07-31T12:42:00.1819747Z","performance_03","dc3ae6023b26","163.22%","3.048GiB","7.612GiB","40.05%","5.75MB / 4.01MB","132GB / 34.7GB","108"
"2026-07-31T12:42:03.1874657Z","performance_03","dc3ae6023b26","166.57%","3.057GiB","7.612GiB","40.15%","5.75MB / 4.01MB","132GB / 34.7GB","108"
"2026-07-31T12:42:05.2177905Z","performance_03","dc3ae6023b26","166.10%","3.05GiB","7.612GiB","40.07%","5.75MB / 4.01MB","132GB / 34.7GB","108"
"2026-07-31T12:42:07.2479152Z","performance_03","dc3ae6023b26","162.42%","3.057GiB","7.612GiB","40.16%","5.75MB / 4.01MB","132GB / 34.7GB","108"
"2026-07-31T12:42:09.2774290Z","performance_03","dc3ae6023b26","164.52%","3.051GiB","7.612GiB","40.08%","5.75MB / 4.01MB","132GB / 34.7GB","108"
"2026-07-31T12:42:11.3078837Z","performance_03","dc3ae6023b26","168.31%","3.054GiB","7.612GiB","40.12%","5.75MB / 4.01MB","132GB / 34.7GB","108"
"2026-07-31T12:42:14.3131992Z","performance_03","dc3ae6023b26","166.18%","3.058GiB","7.612GiB","40.17%","5.75MB / 4.01MB","132GB / 34.7GB","108"
"2026-07-31T12:42:16.3413238Z","performance_03","dc3ae6023b26","166.63%","3.066GiB","7.612GiB","40.28%","5.75MB / 4.01MB","132GB / 34.7GB","108"
"2026-07-31T12:42:18.3700438Z","performance_03","dc3ae6023b26","168.44%","3.06GiB","7.612GiB","40.19%","5.75MB / 4.01MB","132GB / 34.7GB","108"
"2026-07-31T12:42:20.3995322Z","performance_03","dc3ae6023b26","170.43%","3.06GiB","7.612GiB","40.20%","5.76MB / 4.02MB","132GB / 34.7GB","108"
"2026-07-31T12:42:23.4074907Z","performance_03","dc3ae6023b26","173.63%","3.063GiB","7.612GiB","40.24%","5.76MB / 4.02MB","132GB / 34.7GB","108"
"2026-07-31T12:42:25.4396424Z","performance_03","dc3ae6023b26","162.98%","3.069GiB","7.612GiB","40.31%","5.76MB / 4.02MB","132GB / 34.7GB","108"
"2026-07-31T12:42:27.4696694Z","performance_03","dc3ae6023b26","171.05%","3.068GiB","7.612GiB","40.30%","5.76MB / 4.02MB","132GB / 34.7GB","108"
"2026-07-31T12:42:29.4985115Z","performance_03","dc3ae6023b26","165.04%","3.088GiB","7.612GiB","40.57%","5.76MB / 4.02MB","132GB / 34.7GB","108"
"2026-07-31T12:42:31.5302420Z","performance_03","dc3ae6023b26","167.07%","3.084GiB","7.612GiB","40.51%","5.76MB / 4.02MB","132GB / 34.7GB","108"
"2026-07-31T12:42:34.5353724Z","performance_03","dc3ae6023b26","165.76%","3.094GiB","7.612GiB","40.64%","5.76MB / 4.02MB","132GB / 34.7GB","108"
"2026-07-31T12:42:36.5650712Z","performance_03","dc3ae6023b26","168.33%","3.098GiB","7.612GiB","40.70%","5.76MB / 4.02MB","132GB / 34.7GB","108"
"2026-07-31T12:42:38.5947499Z","performance_03","dc3ae6023b26","165.92%","3.111GiB","7.612GiB","40.86%","5.77MB / 4.02MB","132GB / 34.7GB","108"
"2026-07-31T12:42:40.6276168Z","performance_03","dc3ae6023b26","170.36%","3.106GiB","7.612GiB","40.80%","5.77MB / 4.03MB","132GB / 34.7GB","108"
"2026-07-31T12:42:43.6320169Z","performance_03","dc3ae6023b26","166.51%","3.11GiB","7.612GiB","40.86%","5.77MB / 4.03MB","132GB / 34.7GB","108"
"2026-07-31T12:42:45.6612407Z","performance_03","dc3ae6023b26","164.25%","3.102GiB","7.612GiB","40.75%","5.77MB / 4.03MB","132GB / 34.7GB","108"
"2026-07-31T12:42:47.6919084Z","performance_03","dc3ae6023b26","171.86%","3.125GiB","7.612GiB","41.05%","5.77MB / 4.03MB","132GB / 34.7GB","108"
"2026-07-31T12:42:49.7248297Z","performance_03","dc3ae6023b26","164.95%","3.119GiB","7.612GiB","40.97%","5.77MB / 4.03MB","133GB / 34.7GB","108"
"2026-07-31T12:42:51.7538786Z","performance_03","dc3ae6023b26","166.77%","3.127GiB","7.612GiB","41.08%","5.77MB / 4.03MB","133GB / 34.7GB","108"
"2026-07-31T12:42:54.7588181Z","performance_03","dc3ae6023b26","163.40%","3.119GiB","7.612GiB","40.97%","5.77MB / 4.03MB","133GB / 34.7GB","108"
"2026-07-31T12:42:56.7878774Z","performance_03","dc3ae6023b26","165.25%","3.124GiB","7.612GiB","41.03%","5.77MB / 4.03MB","133GB / 34.7GB","108"
"2026-07-31T12:42:58.8203581Z","performance_03","dc3ae6023b26","171.62%","3.132GiB","7.612GiB","41.15%","5.78MB / 4.04MB","133GB / 34.7GB","108"
"2026-07-31T12:43:00.8514896Z","performance_03","dc3ae6023b26","166.13%","3.149GiB","7.612GiB","41.36%","5.78MB / 4.04MB","133GB / 34.7GB","108"
"2026-07-31T12:43:03.8550383Z","performance_03","dc3ae6023b26","168.81%","3.141GiB","7.612GiB","41.27%","5.78MB / 4.04MB","133GB / 34.7GB","108"
"2026-07-31T12:43:05.8844828Z","performance_03","dc3ae6023b26","169.90%","3.142GiB","7.612GiB","41.28%","5.78MB / 4.04MB","133GB / 34.7GB","108"
"2026-07-31T12:43:07.9186914Z","performance_03","dc3ae6023b26","164.87%","3.151GiB","7.612GiB","41.39%","5.78MB / 4.04MB","133GB / 34.7GB","108"
"2026-07-31T12:43:09.9483872Z","performance_03","dc3ae6023b26","167.08%","3.142GiB","7.612GiB","41.28%","5.78MB / 4.04MB","133GB / 34.7GB","108"
"2026-07-31T12:43:11.9779255Z","performance_03","dc3ae6023b26","165.37%","3.159GiB","7.612GiB","41.49%","5.78MB / 4.04MB","133GB / 34.7GB","108"
"2026-07-31T12:43:14.9820185Z","performance_03","dc3ae6023b26","168.69%","3.161GiB","7.612GiB","41.52%","5.78MB / 4.04MB","133GB / 34.7GB","108"
"2026-07-31T12:43:17.0121627Z","performance_03","dc3ae6023b26","164.16%","3.167GiB","7.612GiB","41.61%","5.79MB / 4.05MB","133GB / 34.7GB","108"
"2026-07-31T12:43:19.0406103Z","performance_03","dc3ae6023b26","168.39%","3.167GiB","7.612GiB","41.60%","5.79MB / 4.05MB","133GB / 34.7GB","108"
"2026-07-31T12:43:21.0729399Z","performance_03","dc3ae6023b26","167.51%","3.17GiB","7.612GiB","41.64%","5.79MB / 4.05MB","133GB / 34.7GB","108"
"2026-07-31T12:43:24.0769479Z","performance_03","dc3ae6023b26","169.18%","3.173GiB","7.612GiB","41.69%","5.79MB / 4.05MB","133GB / 34.7GB","108"
"2026-07-31T12:43:26.1077821Z","performance_03","dc3ae6023b26","163.73%","3.172GiB","7.612GiB","41.67%","5.79MB / 4.05MB","133GB / 34.7GB","108"
"2026-07-31T12:43:28.1377970Z","performance_03","dc3ae6023b26","168.43%","3.175GiB","7.612GiB","41.70%","5.79MB / 4.05MB","133GB / 34.7GB","108"
"2026-07-31T12:43:30.1674532Z","performance_03","dc3ae6023b26","171.07%","3.173GiB","7.612GiB","41.69%","5.79MB / 4.05MB","134GB / 34.7GB","108"
"2026-07-31T12:43:33.1730475Z","performance_03","dc3ae6023b26","166.85%","3.172GiB","7.612GiB","41.67%","5.79MB / 4.05MB","134GB / 34.7GB","108"
"2026-07-31T12:43:35.2010990Z","performance_03","dc3ae6023b26","163.96%","3.179GiB","7.612GiB","41.76%","5.8MB / 4.06MB","134GB / 34.7GB","108"
"2026-07-31T12:43:37.2327510Z","performance_03","dc3ae6023b26","165.02%","3.179GiB","7.612GiB","41.76%","5.8MB / 4.06MB","134GB / 34.7GB","108"
"2026-07-31T12:43:39.2626007Z","performance_03","dc3ae6023b26","166.73%","3.177GiB","7.612GiB","41.74%","5.8MB / 4.06MB","134GB / 34.7GB","108"
"2026-07-31T12:43:41.2911560Z","performance_03","dc3ae6023b26","165.63%","3.18GiB","7.612GiB","41.77%","5.8MB / 4.06MB","134GB / 34.7GB","108"
"2026-07-31T12:43:44.2978001Z","performance_03","dc3ae6023b26","163.55%","3.187GiB","7.612GiB","41.86%","5.8MB / 4.06MB","134GB / 34.7GB","108"
"2026-07-31T12:43:46.3286948Z","performance_03","dc3ae6023b26","175.10%","3.207GiB","7.612GiB","42.13%","5.8MB / 4.06MB","134GB / 34.7GB","108"
"2026-07-31T12:43:48.3582394Z","performance_03","dc3ae6023b26","165.15%","3.211GiB","7.612GiB","42.18%","5.8MB / 4.06MB","134GB / 34.7GB","108"
"2026-07-31T12:43:50.3880640Z","performance_03","dc3ae6023b26","171.38%","3.212GiB","7.612GiB","42.19%","5.8MB / 4.06MB","134GB / 34.7GB","108"
"2026-07-31T12:43:53.3930548Z","performance_03","dc3ae6023b26","172.89%","3.213GiB","7.612GiB","42.21%","5.81MB / 4.07MB","134GB / 34.7GB","108"
"2026-07-31T12:43:55.4240477Z","performance_03","dc3ae6023b26","164.54%","3.215GiB","7.612GiB","42.24%","5.81MB / 4.07MB","134GB / 34.7GB","108"
"2026-07-31T12:43:57.4542306Z","performance_03","dc3ae6023b26","166.71%","3.221GiB","7.612GiB","42.32%","5.81MB / 4.07MB","134GB / 34.7GB","108"
"2026-07-31T12:43:59.4836864Z","performance_03","dc3ae6023b26","179.69%","3.295GiB","7.612GiB","43.28%","5.81MB / 4.07MB","134GB / 34.7GB","108"
"2026-07-31T12:44:01.5157664Z","performance_03","dc3ae6023b26","164.37%","3.264GiB","7.612GiB","42.88%","5.81MB / 4.07MB","134GB / 34.7GB","108"
"2026-07-31T12:44:04.5210430Z","performance_03","dc3ae6023b26","164.56%","3.267GiB","7.612GiB","42.92%","5.81MB / 4.07MB","134GB / 34.7GB","108"
"2026-07-31T12:44:06.5491512Z","performance_03","dc3ae6023b26","170.26%","3.274GiB","7.612GiB","43.01%","5.81MB / 4.07MB","134GB / 34.7GB","108"
"2026-07-31T12:44:08.5778768Z","performance_03","dc3ae6023b26","166.51%","3.274GiB","7.612GiB","43.01%","5.81MB / 4.07MB","134GB / 34.7GB","108"
"2026-07-31T12:44:10.6083836Z","performance_03","dc3ae6023b26","168.55%","3.274GiB","7.612GiB","43.00%","5.81MB / 4.07MB","134GB / 34.7GB","108"
"2026-07-31T12:44:13.6160097Z","performance_03","dc3ae6023b26","166.89%","3.297GiB","7.612GiB","43.31%","5.82MB / 4.08MB","135GB / 34.7GB","108"
"2026-07-31T12:44:15.6479008Z","performance_03","dc3ae6023b26","166.36%","3.296GiB","7.612GiB","43.30%","5.82MB / 4.08MB","135GB / 34.7GB","108"
"2026-07-31T12:44:17.6771711Z","performance_03","dc3ae6023b26","167.81%","3.296GiB","7.612GiB","43.30%","5.82MB / 4.08MB","135GB / 34.7GB","108"
"2026-07-31T12:44:19.7071442Z","performance_03","dc3ae6023b26","171.70%","3.302GiB","7.612GiB","43.38%","5.82MB / 4.08MB","135GB / 34.7GB","108"
"2026-07-31T12:44:21.7387386Z","performance_03","dc3ae6023b26","166.64%","3.299GiB","7.612GiB","43.34%","5.82MB / 4.08MB","135GB / 34.7GB","108"
"2026-07-31T12:44:24.7437330Z","performance_03","dc3ae6023b26","165.88%","3.295GiB","7.612GiB","43.28%","5.82MB / 4.08MB","135GB / 34.7GB","108"
"2026-07-31T12:44:26.7726639Z","performance_03","dc3ae6023b26","168.00%","3.298GiB","7.612GiB","43.32%","5.82MB / 4.08MB","135GB / 34.7GB","108"
"2026-07-31T12:44:28.8028245Z","performance_03","dc3ae6023b26","168.53%","3.295GiB","7.612GiB","43.28%","5.82MB / 4.08MB","135GB / 34.7GB","108"
"2026-07-31T12:44:30.8330831Z","performance_03","dc3ae6023b26","179.32%","3.373GiB","7.612GiB","44.31%","5.83MB / 4.09MB","135GB / 34.7GB","108"
"2026-07-31T12:44:33.8390931Z","performance_03","dc3ae6023b26","165.53%","3.33GiB","7.612GiB","43.74%","5.83MB / 4.09MB","135GB / 34.7GB","108"
"2026-07-31T12:44:35.8684062Z","performance_03","dc3ae6023b26","164.92%","3.335GiB","7.612GiB","43.80%","5.83MB / 4.09MB","135GB / 34.7GB","108"
"2026-07-31T12:44:37.9003936Z","performance_03","dc3ae6023b26","165.06%","3.331GiB","7.612GiB","43.75%","5.83MB / 4.09MB","135GB / 34.7GB","108"
"2026-07-31T12:44:39.9322224Z","performance_03","dc3ae6023b26","165.29%","3.335GiB","7.612GiB","43.80%","5.83MB / 4.09MB","135GB / 34.7GB","108"
"2026-07-31T12:44:41.9617496Z","performance_03","dc3ae6023b26","169.98%","3.335GiB","7.612GiB","43.81%","5.83MB / 4.09MB","135GB / 34.7GB","108"
"2026-07-31T12:44:44.9659613Z","performance_03","dc3ae6023b26","169.64%","3.331GiB","7.612GiB","43.75%","5.83MB / 4.09MB","135GB / 34.7GB","108"
"2026-07-31T12:44:46.9958765Z","performance_03","dc3ae6023b26","176.15%","3.345GiB","7.612GiB","43.94%","5.83MB / 4.09MB","135GB / 34.7GB","108"
"2026-07-31T12:44:49.0271559Z","performance_03","dc3ae6023b26","164.84%","3.343GiB","7.612GiB","43.91%","5.84MB / 4.1MB","135GB / 34.7GB","108"
"2026-07-31T12:44:51.0575628Z","performance_03","dc3ae6023b26","170.36%","3.345GiB","7.612GiB","43.93%","5.84MB / 4.1MB","135GB / 34.7GB","108"
"2026-07-31T12:44:54.0630874Z","performance_03","dc3ae6023b26","164.23%","3.337GiB","7.612GiB","43.84%","5.84MB / 4.1MB","136GB / 34.7GB","108"
"2026-07-31T12:44:56.0928325Z","performance_03","dc3ae6023b26","166.43%","3.344GiB","7.612GiB","43.93%","5.84MB / 4.1MB","136GB / 34.7GB","108"
"2026-07-31T12:44:58.1243698Z","performance_03","dc3ae6023b26","165.43%","3.337GiB","7.612GiB","43.83%","5.84MB / 4.1MB","136GB / 34.7GB","108"
"2026-07-31T12:45:00.1533451Z","performance_03","dc3ae6023b26","165.07%","3.337GiB","7.612GiB","43.84%","5.84MB / 4.1MB","136GB / 34.7GB","108"
"2026-07-31T12:45:03.1576097Z","performance_03","dc3ae6023b26","162.21%","3.36GiB","7.612GiB","44.14%","5.84MB / 4.1MB","136GB / 34.7GB","108"
"2026-07-31T12:45:05.1854896Z","performance_03","dc3ae6023b26","164.56%","3.357GiB","7.612GiB","44.10%","5.84MB / 4.1MB","136GB / 34.7GB","108"
"2026-07-31T12:45:07.2156806Z","performance_03","dc3ae6023b26","169.52%","3.359GiB","7.612GiB","44.12%","5.85MB / 4.11MB","136GB / 34.7GB","108"
"2026-07-31T12:45:09.2459635Z","performance_03","dc3ae6023b26","166.75%","3.362GiB","7.612GiB","44.16%","5.85MB / 4.11MB","136GB / 34.7GB","108"
"2026-07-31T12:45:11.2764376Z","performance_03","dc3ae6023b26","170.87%","3.368GiB","7.612GiB","44.24%","5.85MB / 4.11MB","136GB / 34.7GB","108"
"2026-07-31T12:45:14.2813435Z","performance_03","dc3ae6023b26","166.36%","3.358GiB","7.612GiB","44.12%","5.85MB / 4.11MB","136GB / 34.7GB","108"
"2026-07-31T12:45:16.3126861Z","performance_03","dc3ae6023b26","166.72%","3.354GiB","7.612GiB","44.06%","5.85MB / 4.11MB","136GB / 34.7GB","108"
"2026-07-31T12:45:18.3437032Z","performance_03","dc3ae6023b26","165.76%","3.359GiB","7.612GiB","44.12%","5.85MB / 4.11MB","136GB / 34.7GB","108"
"2026-07-31T12:45:20.3739268Z","performance_03","dc3ae6023b26","161.91%","3.355GiB","7.612GiB","44.07%","5.85MB / 4.11MB","136GB / 34.7GB","108"
"2026-07-31T12:45:23.3781140Z","performance_03","dc3ae6023b26","165.68%","3.359GiB","7.612GiB","44.12%","5.85MB / 4.11MB","136GB / 34.7GB","108"
"2026-07-31T12:45:25.4108255Z","performance_03","dc3ae6023b26","161.16%","3.356GiB","7.612GiB","44.08%","5.85MB / 4.11MB","136GB / 34.7GB","108"
"2026-07-31T12:45:27.4418270Z","performance_03","dc3ae6023b26","162.95%","3.358GiB","7.612GiB","44.11%","5.86MB / 4.12MB","136GB / 34.7GB","108"
"2026-07-31T12:45:29.4717468Z","performance_03","dc3ae6023b26","166.53%","3.36GiB","7.612GiB","44.13%","5.86MB / 4.12MB","136GB / 34.7GB","108"
"2026-07-31T12:45:31.5028375Z","performance_03","dc3ae6023b26","167.36%","3.357GiB","7.612GiB","44.10%","5.86MB / 4.12MB","136GB / 34.7GB","108"
"2026-07-31T12:45:34.5073325Z","performance_03","dc3ae6023b26","164.29%","3.363GiB","7.612GiB","44.18%","5.86MB / 4.12MB","137GB / 34.7GB","108"
"2026-07-31T12:45:36.5381670Z","performance_03","dc3ae6023b26","164.26%","3.356GiB","7.612GiB","44.08%","5.86MB / 4.12MB","137GB / 34.7GB","108"
"2026-07-31T12:45:38.5682269Z","performance_03","dc3ae6023b26","165.22%","3.359GiB","7.612GiB","44.13%","5.86MB / 4.12MB","137GB / 34.7GB","108"
"2026-07-31T12:45:40.5974613Z","performance_03","dc3ae6023b26","163.20%","3.356GiB","7.612GiB","44.09%","5.86MB / 4.12MB","137GB / 34.7GB","108"
"2026-07-31T12:45:43.6031767Z","performance_03","dc3ae6023b26","164.41%","3.359GiB","7.612GiB","44.12%","5.86MB / 4.12MB","137GB / 34.7GB","108"
"2026-07-31T12:45:45.6348359Z","performance_03","dc3ae6023b26","162.78%","3.355GiB","7.612GiB","44.08%","5.87MB / 4.13MB","137GB / 34.7GB","108"
"2026-07-31T12:45:47.6638351Z","performance_03","dc3ae6023b26","162.95%","3.358GiB","7.612GiB","44.11%","5.87MB / 4.13MB","137GB / 34.7GB","108"
"2026-07-31T12:45:49.6929992Z","performance_03","dc3ae6023b26","164.22%","3.362GiB","7.612GiB","44.17%","5.87MB / 4.13MB","137GB / 34.7GB","108"
"2026-07-31T12:45:51.7247482Z","performance_03","dc3ae6023b26","160.74%","3.436GiB","7.612GiB","45.14%","5.87MB / 4.13MB","137GB / 34.7GB","108"
"2026-07-31T12:45:54.7290715Z","performance_03","dc3ae6023b26","164.54%","3.481GiB","7.612GiB","45.73%","5.87MB / 4.13MB","137GB / 34.7GB","108"
"2026-07-31T12:45:56.7587033Z","performance_03","dc3ae6023b26","166.11%","3.481GiB","7.612GiB","45.73%","5.87MB / 4.13MB","137GB / 34.7GB","108"
"2026-07-31T12:45:58.7890723Z","performance_03","dc3ae6023b26","166.12%","3.488GiB","7.612GiB","45.82%","5.87MB / 4.13MB","137GB / 34.7GB","108"
"2026-07-31T12:46:00.8184182Z","performance_03","dc3ae6023b26","164.54%","3.484GiB","7.612GiB","45.77%","5.87MB / 4.13MB","137GB / 34.7GB","108"
"2026-07-31T12:46:03.8240739Z","performance_03","dc3ae6023b26","164.73%","3.487GiB","7.612GiB","45.81%","5.88MB / 4.14MB","137GB / 34.7GB","108"
"2026-07-31T12:46:05.8526503Z","performance_03","dc3ae6023b26","170.82%","3.482GiB","7.612GiB","45.74%","5.88MB / 4.14MB","137GB / 34.7GB","108"
"2026-07-31T12:46:07.8849338Z","performance_03","dc3ae6023b26","171.97%","3.484GiB","7.612GiB","45.77%","5.88MB / 4.14MB","137GB / 34.7GB","108"
"2026-07-31T12:46:09.9170928Z","performance_03","dc3ae6023b26","161.70%","3.481GiB","7.612GiB","45.73%","5.88MB / 4.14MB","137GB / 34.7GB","108"
"2026-07-31T12:46:11.9462340Z","performance_03","dc3ae6023b26","166.53%","3.487GiB","7.612GiB","45.80%","5.88MB / 4.14MB","137GB / 34.7GB","108"
"2026-07-31T12:46:14.9527146Z","performance_03","dc3ae6023b26","161.80%","3.482GiB","7.612GiB","45.74%","5.88MB / 4.14MB","137GB / 34.7GB","108"
"2026-07-31T12:46:16.9806958Z","performance_03","dc3ae6023b26","165.67%","3.486GiB","7.612GiB","45.79%","5.88MB / 4.14MB","138GB / 34.7GB","108"
"2026-07-31T12:46:19.0122020Z","performance_03","dc3ae6023b26","161.82%","3.481GiB","7.612GiB","45.73%","5.88MB / 4.14MB","138GB / 34.7GB","108"
"2026-07-31T12:46:21.0433892Z","performance_03","dc3ae6023b26","164.13%","3.481GiB","7.612GiB","45.73%","5.89MB / 4.15MB","138GB / 34.7GB","108"
"2026-07-31T12:46:24.0496272Z","performance_03","dc3ae6023b26","164.56%","3.483GiB","7.612GiB","45.75%","5.89MB / 4.15MB","138GB / 34.7GB","108"
"2026-07-31T12:46:26.0781939Z","performance_03","dc3ae6023b26","184.25%","3.519GiB","7.612GiB","46.22%","5.89MB / 4.15MB","138GB / 34.7GB","108"
"2026-07-31T12:46:28.1116221Z","performance_03","dc3ae6023b26","165.17%","3.481GiB","7.612GiB","45.73%","5.89MB / 4.15MB","138GB / 34.7GB","108"
"2026-07-31T12:46:30.1417684Z","performance_03","dc3ae6023b26","163.14%","3.481GiB","7.612GiB","45.73%","5.89MB / 4.15MB","138GB / 34.7GB","108"
"2026-07-31T12:46:33.1451110Z","performance_03","dc3ae6023b26","163.30%","3.483GiB","7.612GiB","45.76%","5.89MB / 4.15MB","138GB / 34.7GB","108"
"2026-07-31T12:46:35.1743336Z","performance_03","dc3ae6023b26","162.39%","3.488GiB","7.612GiB","45.82%","5.89MB / 4.15MB","138GB / 34.7GB","108"
"2026-07-31T12:46:37.2036189Z","performance_03","dc3ae6023b26","168.02%","3.483GiB","7.612GiB","45.75%","5.89MB / 4.15MB","138GB / 34.7GB","108"
"2026-07-31T12:46:39.2344645Z","performance_03","dc3ae6023b26","166.28%","3.484GiB","7.612GiB","45.77%","5.89MB / 4.15MB","138GB / 34.7GB","108"
"2026-07-31T12:46:41.2644995Z","performance_03","dc3ae6023b26","164.90%","3.483GiB","7.612GiB","45.75%","5.9MB / 4.16MB","138GB / 34.7GB","108"
"2026-07-31T12:46:44.2685206Z","performance_03","dc3ae6023b26","160.00%","3.488GiB","7.612GiB","45.82%","5.9MB / 4.16MB","138GB / 34.7GB","108"
"2026-07-31T12:46:46.2969448Z","performance_03","dc3ae6023b26","173.32%","3.482GiB","7.612GiB","45.74%","5.9MB / 4.16MB","138GB / 34.7GB","108"
"2026-07-31T12:46:48.3274465Z","performance_03","dc3ae6023b26","163.93%","3.484GiB","7.612GiB","45.77%","5.9MB / 4.16MB","138GB / 34.7GB","108"
"2026-07-31T12:46:50.3558931Z","performance_03","dc3ae6023b26","169.55%","3.482GiB","7.612GiB","45.74%","5.9MB / 4.16MB","138GB / 34.7GB","108"
"2026-07-31T12:46:53.3624256Z","performance_03","dc3ae6023b26","165.25%","3.485GiB","7.612GiB","45.78%","5.9MB / 4.16MB","138GB / 34.7GB","108"
"2026-07-31T12:46:55.3928544Z","performance_03","dc3ae6023b26","170.09%","3.48GiB","7.612GiB","45.72%","5.9MB / 4.16MB","138GB / 34.7GB","108"
"2026-07-31T12:46:57.4259465Z","performance_03","dc3ae6023b26","163.88%","3.482GiB","7.612GiB","45.74%","5.9MB / 4.16MB","138GB / 34.7GB","108"
"2026-07-31T12:46:59.4550262Z","performance_03","dc3ae6023b26","162.62%","3.488GiB","7.612GiB","45.82%","5.91MB / 4.17MB","139GB / 34.7GB","108"
"2026-07-31T12:47:01.4857308Z","performance_03","dc3ae6023b26","165.43%","3.483GiB","7.612GiB","45.75%","5.91MB / 4.17MB","139GB / 34.7GB","108"
"2026-07-31T12:47:04.4897478Z","performance_03","dc3ae6023b26","164.40%","3.489GiB","7.612GiB","45.83%","5.91MB / 4.17MB","139GB / 34.7GB","108"
"2026-07-31T12:47:06.5216629Z","performance_03","dc3ae6023b26","185.83%","3.52GiB","7.612GiB","46.24%","5.91MB / 4.17MB","139GB / 34.7GB","108"
"2026-07-31T12:47:08.5507150Z","performance_03","dc3ae6023b26","162.65%","3.486GiB","7.612GiB","45.80%","5.91MB / 4.17MB","139GB / 34.7GB","108"
"2026-07-31T12:47:10.5807419Z","performance_03","dc3ae6023b26","166.89%","3.483GiB","7.612GiB","45.75%","5.91MB / 4.17MB","139GB / 34.7GB","108"
"2026-07-31T12:47:13.5866702Z","performance_03","dc3ae6023b26","164.13%","3.489GiB","7.612GiB","45.84%","5.91MB / 4.17MB","139GB / 34.7GB","108"
"2026-07-31T12:47:15.6166263Z","performance_03","dc3ae6023b26","164.97%","3.482GiB","7.612GiB","45.74%","5.91MB / 4.17MB","139GB / 34.7GB","108"
"2026-07-31T12:47:17.6465523Z","performance_03","dc3ae6023b26","165.19%","3.488GiB","7.612GiB","45.82%","5.91MB / 4.17MB","139GB / 34.7GB","108"
"2026-07-31T12:47:19.6752279Z","performance_03","dc3ae6023b26","166.90%","3.482GiB","7.612GiB","45.75%","5.92MB / 4.18MB","139GB / 34.7GB","108"
"2026-07-31T12:47:21.7059152Z","performance_03","dc3ae6023b26","166.57%","3.483GiB","7.612GiB","45.75%","5.92MB / 4.18MB","139GB / 34.7GB","108"
"2026-07-31T12:47:24.7129839Z","performance_03","dc3ae6023b26","173.60%","3.482GiB","7.612GiB","45.74%","5.92MB / 4.18MB","139GB / 34.7GB","108"
"2026-07-31T12:47:26.7431444Z","performance_03","dc3ae6023b26","164.78%","3.488GiB","7.612GiB","45.82%","5.92MB / 4.18MB","139GB / 34.7GB","108"
"2026-07-31T12:47:28.7718951Z","performance_03","dc3ae6023b26","168.24%","3.481GiB","7.612GiB","45.73%","5.92MB / 4.18MB","139GB / 34.7GB","108"
"2026-07-31T12:47:30.8003774Z","performance_03","dc3ae6023b26","166.76%","3.482GiB","7.612GiB","45.74%","5.92MB / 4.18MB","139GB / 34.7GB","108"
"2026-07-31T12:47:33.8088145Z","performance_03","dc3ae6023b26","168.28%","3.482GiB","7.612GiB","45.74%","5.92MB / 4.18MB","139GB / 34.7GB","108"
"2026-07-31T12:47:35.8398562Z","performance_03","dc3ae6023b26","166.02%","3.487GiB","7.612GiB","45.81%","5.92MB / 4.18MB","139GB / 34.7GB","108"
"2026-07-31T12:47:37.8690604Z","performance_03","dc3ae6023b26","164.51%","3.482GiB","7.612GiB","45.74%","5.93MB / 4.19MB","139GB / 34.7GB","108"
"2026-07-31T12:47:39.8980537Z","performance_03","dc3ae6023b26","165.92%","3.483GiB","7.612GiB","45.75%","5.93MB / 4.19MB","140GB / 34.7GB","108"
"2026-07-31T12:47:41.9298507Z","performance_03","dc3ae6023b26","168.07%","3.482GiB","7.612GiB","45.74%","5.93MB / 4.19MB","140GB / 34.7GB","108"
"2026-07-31T12:47:44.9349304Z","performance_03","dc3ae6023b26","168.11%","3.485GiB","7.612GiB","45.77%","5.93MB / 4.19MB","140GB / 34.7GB","108"
"2026-07-31T12:47:46.9651131Z","performance_03","dc3ae6023b26","167.20%","3.486GiB","7.612GiB","45.79%","5.93MB / 4.19MB","140GB / 34.7GB","108"
"2026-07-31T12:47:48.9946814Z","performance_03","dc3ae6023b26","179.07%","3.482GiB","7.612GiB","45.74%","5.93MB / 4.19MB","140GB / 34.7GB","108"
"2026-07-31T12:47:51.0265977Z","performance_03","dc3ae6023b26","166.12%","3.481GiB","7.612GiB","45.73%","5.93MB / 4.19MB","140GB / 34.7GB","108"
"2026-07-31T12:47:54.0331980Z","performance_03","dc3ae6023b26","162.33%","3.482GiB","7.612GiB","45.74%","5.93MB / 4.19MB","140GB / 34.7GB","108"
"2026-07-31T12:47:56.0662190Z","performance_03","dc3ae6023b26","166.72%","3.482GiB","7.612GiB","45.74%","5.94MB / 4.2MB","140GB / 34.7GB","108"
"2026-07-31T12:47:58.0968163Z","performance_03","dc3ae6023b26","165.04%","3.487GiB","7.612GiB","45.80%","5.94MB / 4.2MB","140GB / 34.7GB","108"
"2026-07-31T12:48:00.1272258Z","performance_03","dc3ae6023b26","168.00%","3.485GiB","7.612GiB","45.78%","5.94MB / 4.2MB","140GB / 34.7GB","108"
"2026-07-31T12:48:03.1317689Z","performance_03","dc3ae6023b26","170.24%","3.487GiB","7.612GiB","45.81%","5.94MB / 4.2MB","140GB / 34.7GB","108"
"2026-07-31T12:48:05.1613220Z","performance_03","dc3ae6023b26","172.60%","3.482GiB","7.612GiB","45.74%","5.94MB / 4.2MB","140GB / 34.7GB","108"
"2026-07-31T12:48:07.1919125Z","performance_03","dc3ae6023b26","167.18%","3.486GiB","7.612GiB","45.79%","5.94MB / 4.2MB","140GB / 34.7GB","108"
"2026-07-31T12:48:09.2244975Z","performance_03","dc3ae6023b26","168.65%","3.481GiB","7.612GiB","45.73%","5.94MB / 4.2MB","140GB / 34.7GB","108"
"2026-07-31T12:48:11.2557098Z","performance_03","dc3ae6023b26","169.58%","3.48GiB","7.612GiB","45.72%","5.94MB / 4.2MB","140GB / 34.7GB","108"
"2026-07-31T12:48:14.2603303Z","performance_03","dc3ae6023b26","171.08%","3.481GiB","7.612GiB","45.73%","5.95MB / 4.21MB","140GB / 34.7GB","108"
"2026-07-31T12:48:16.2890872Z","performance_03","dc3ae6023b26","166.39%","3.487GiB","7.612GiB","45.80%","5.95MB / 4.21MB","140GB / 34.7GB","108"
"2026-07-31T12:48:18.3216037Z","performance_03","dc3ae6023b26","168.72%","3.482GiB","7.612GiB","45.74%","5.95MB / 4.21MB","140GB / 34.7GB","108"
"2026-07-31T12:48:20.3506049Z","performance_03","dc3ae6023b26","163.23%","3.489GiB","7.612GiB","45.84%","5.95MB / 4.21MB","141GB / 34.7GB","108"
"2026-07-31T12:48:23.3567533Z","performance_03","dc3ae6023b26","167.75%","3.482GiB","7.612GiB","45.74%","5.95MB / 4.21MB","141GB / 34.7GB","108"
"2026-07-31T12:48:25.3888340Z","performance_03","dc3ae6023b26","170.84%","3.489GiB","7.612GiB","45.83%","5.95MB / 4.21MB","141GB / 34.7GB","108"
"2026-07-31T12:48:27.4214573Z","performance_03","dc3ae6023b26","170.48%","3.482GiB","7.612GiB","45.74%","5.95MB / 4.21MB","141GB / 34.7GB","108"
"2026-07-31T12:48:29.4512472Z","performance_03","dc3ae6023b26","171.14%","3.484GiB","7.612GiB","45.77%","5.95MB / 4.21MB","141GB / 34.7GB","108"
"2026-07-31T12:48:31.4832452Z","performance_03","dc3ae6023b26","170.59%","3.482GiB","7.612GiB","45.74%","5.96MB / 4.21MB","141GB / 34.7GB","108"
"2026-07-31T12:48:34.4884854Z","performance_03","dc3ae6023b26","169.43%","3.487GiB","7.612GiB","45.81%","5.96MB / 4.22MB","141GB / 34.7GB","108"
"2026-07-31T12:48:36.5206323Z","performance_03","dc3ae6023b26","174.02%","3.481GiB","7.612GiB","45.73%","5.96MB / 4.22MB","141GB / 34.7GB","108"
"2026-07-31T12:48:38.5506513Z","performance_03","dc3ae6023b26","168.41%","3.484GiB","7.612GiB","45.77%","5.96MB / 4.22MB","141GB / 34.7GB","108"
"2026-07-31T12:48:40.5800122Z","performance_03","dc3ae6023b26","170.62%","3.482GiB","7.612GiB","45.74%","5.96MB / 4.22MB","141GB / 34.7GB","108"
"2026-07-31T12:48:43.5863941Z","performance_03","dc3ae6023b26","172.12%","3.487GiB","7.612GiB","45.80%","5.96MB / 4.22MB","141GB / 34.7GB","108"
"2026-07-31T12:48:45.6170295Z","performance_03","dc3ae6023b26","182.26%","3.481GiB","7.612GiB","45.73%","5.96MB / 4.22MB","141GB / 34.7GB","108"
"2026-07-31T12:48:47.6480996Z","performance_03","dc3ae6023b26","166.62%","3.485GiB","7.612GiB","45.78%","5.96MB / 4.22MB","141GB / 34.7GB","108"
"2026-07-31T12:48:49.6787655Z","performance_03","dc3ae6023b26","175.24%","3.482GiB","7.612GiB","45.73%","5.96MB / 4.22MB","141GB / 34.7GB","108"
"2026-07-31T12:48:51.7091875Z","performance_03","dc3ae6023b26","173.71%","3.484GiB","7.612GiB","45.77%","5.97MB / 4.23MB","141GB / 34.7GB","108"
"2026-07-31T12:48:54.7152294Z","performance_03","dc3ae6023b26","172.31%","3.482GiB","7.612GiB","45.74%","5.97MB / 4.23MB","141GB / 34.7GB","108"
"2026-07-31T12:48:56.7450386Z","performance_03","dc3ae6023b26","169.85%","3.482GiB","7.612GiB","45.74%","5.97MB / 4.23MB","141GB / 34.7GB","108"
"2026-07-31T12:48:58.7750177Z","performance_03","dc3ae6023b26","183.73%","3.486GiB","7.612GiB","45.80%","5.97MB / 4.23MB","141GB / 34.7GB","108"
"2026-07-31T12:49:00.8048298Z","performance_03","dc3ae6023b26","168.98%","3.483GiB","7.612GiB","45.75%","5.97MB / 4.23MB","142GB / 34.7GB","108"
"2026-07-31T12:49:03.8126766Z","performance_03","dc3ae6023b26","171.14%","3.48GiB","7.612GiB","45.72%","5.97MB / 4.23MB","142GB / 34.7GB","108"
"2026-07-31T12:49:05.8418738Z","performance_03","dc3ae6023b26","167.94%","3.48GiB","7.612GiB","45.72%","5.97MB / 4.23MB","142GB / 34.7GB","108"
"2026-07-31T12:49:07.8716419Z","performance_03","dc3ae6023b26","168.42%","3.488GiB","7.612GiB","45.82%","5.97MB / 4.23MB","142GB / 34.7GB","108"
"2026-07-31T12:49:09.9032112Z","performance_03","dc3ae6023b26","168.16%","3.481GiB","7.612GiB","45.73%","5.98MB / 4.24MB","142GB / 34.7GB","108"
"2026-07-31T12:49:11.9337531Z","performance_03","dc3ae6023b26","174.26%","3.481GiB","7.612GiB","45.73%","5.98MB / 4.24MB","142GB / 34.7GB","108"
"2026-07-31T12:49:14.9372228Z","performance_03","dc3ae6023b26","167.44%","3.484GiB","7.612GiB","45.76%","5.98MB / 4.24MB","142GB / 34.7GB","108"
"2026-07-31T12:49:16.9687517Z","performance_03","dc3ae6023b26","168.68%","3.486GiB","7.612GiB","45.80%","5.98MB / 4.24MB","142GB / 34.7GB","108"
"2026-07-31T12:49:18.9993161Z","performance_03","dc3ae6023b26","168.31%","3.48GiB","7.612GiB","45.72%","5.98MB / 4.24MB","142GB / 34.7GB","108"
"2026-07-31T12:49:21.0290825Z","performance_03","dc3ae6023b26","168.30%","3.457GiB","7.612GiB","45.42%","5.98MB / 4.24MB","142GB / 34.7GB","108"
"2026-07-31T12:49:24.0374407Z","performance_03","dc3ae6023b26","166.43%","3.459GiB","7.612GiB","45.44%","5.98MB / 4.24MB","142GB / 34.7GB","108"
"2026-07-31T12:49:26.0670517Z","performance_03","dc3ae6023b26","164.13%","3.465GiB","7.612GiB","45.52%","5.98MB / 4.24MB","142GB / 34.7GB","108"
"2026-07-31T12:49:28.0997718Z","performance_03","dc3ae6023b26","167.50%","3.459GiB","7.612GiB","45.44%","5.99MB / 4.25MB","142GB / 34.7GB","108"
"2026-07-31T12:49:30.1286681Z","performance_03","dc3ae6023b26","169.75%","3.458GiB","7.612GiB","45.43%","5.99MB / 4.25MB","142GB / 34.7GB","108"
"2026-07-31T12:49:33.1343498Z","performance_03","dc3ae6023b26","168.91%","3.463GiB","7.612GiB","45.49%","5.99MB / 4.25MB","142GB / 34.7GB","108"
"2026-07-31T12:49:35.1642433Z","performance_03","dc3ae6023b26","173.40%","3.459GiB","7.612GiB","45.44%","5.99MB / 4.25MB","142GB / 34.7GB","108"
"2026-07-31T12:49:37.1970178Z","performance_03","dc3ae6023b26","166.78%","3.463GiB","7.612GiB","45.49%","5.99MB / 4.25MB","142GB / 34.7GB","108"
"2026-07-31T12:49:39.2260679Z","performance_03","dc3ae6023b26","169.31%","3.459GiB","7.612GiB","45.43%","5.99MB / 4.25MB","142GB / 34.7GB","108"
"2026-07-31T12:49:41.2564339Z","performance_03","dc3ae6023b26","178.17%","3.457GiB","7.612GiB","45.42%","5.99MB / 4.25MB","143GB / 34.7GB","108"
"2026-07-31T12:49:44.2607306Z","performance_03","dc3ae6023b26","164.42%","3.428GiB","7.612GiB","45.03%","5.99MB / 4.25MB","143GB / 34.7GB","108"
"2026-07-31T12:49:46.2917772Z","performance_03","dc3ae6023b26","165.76%","3.427GiB","7.612GiB","45.02%","5.99MB / 4.25MB","143GB / 34.7GB","108"
"2026-07-31T12:49:48.3219354Z","performance_03","dc3ae6023b26","163.43%","3.46GiB","7.612GiB","45.45%","6MB / 4.26MB","143GB / 34.7GB","108"
"2026-07-31T12:49:50.3524931Z","performance_03","dc3ae6023b26","165.91%","3.46GiB","7.612GiB","45.46%","6MB / 4.26MB","143GB / 34.7GB","108"
"2026-07-31T12:49:53.3589928Z","performance_03","dc3ae6023b26","167.51%","3.461GiB","7.612GiB","45.47%","6MB / 4.26MB","143GB / 34.7GB","108"
"2026-07-31T12:49:55.3903947Z","performance_03","dc3ae6023b26","167.53%","3.465GiB","7.612GiB","45.52%","6MB / 4.26MB","143GB / 34.7GB","108"
"2026-07-31T12:49:57.4248081Z","performance_03","dc3ae6023b26","167.05%","3.46GiB","7.612GiB","45.45%","6MB / 4.26MB","143GB / 34.7GB","108"
"2026-07-31T12:49:59.4543334Z","performance_03","dc3ae6023b26","168.35%","3.46GiB","7.612GiB","45.46%","6MB / 4.26MB","143GB / 34.7GB","108"
"2026-07-31T12:50:01.4867340Z","performance_03","dc3ae6023b26","162.38%","3.46GiB","7.612GiB","45.46%","6MB / 4.26MB","143GB / 34.7GB","108"
"2026-07-31T12:50:04.4910705Z","performance_03","dc3ae6023b26","174.85%","3.467GiB","7.612GiB","45.55%","6MB / 4.26MB","143GB / 34.7GB","108"
"2026-07-31T12:50:06.5195972Z","performance_03","dc3ae6023b26","165.50%","3.461GiB","7.612GiB","45.46%","6.01MB / 4.27MB","143GB / 34.7GB","108"
"2026-07-31T12:50:08.5489029Z","performance_03","dc3ae6023b26","166.24%","3.466GiB","7.612GiB","45.53%","6.01MB / 4.27MB","143GB / 34.7GB","108"
"2026-07-31T12:50:10.5786050Z","performance_03","dc3ae6023b26","163.23%","3.462GiB","7.612GiB","45.47%","6.01MB / 4.27MB","143GB / 34.7GB","108"
"2026-07-31T12:50:13.5850242Z","performance_03","dc3ae6023b26","173.46%","3.468GiB","7.612GiB","45.56%","6.01MB / 4.27MB","143GB / 34.7GB","108"
"2026-07-31T12:50:15.6167496Z","performance_03","dc3ae6023b26","166.01%","3.461GiB","7.612GiB","45.46%","6.01MB / 4.27MB","143GB / 34.7GB","108"
"2026-07-31T12:50:17.6477585Z","performance_03","dc3ae6023b26","167.03%","3.467GiB","7.612GiB","45.54%","6.01MB / 4.27MB","143GB / 34.7GB","108"
"2026-07-31T12:50:19.6774025Z","performance_03","dc3ae6023b26","167.99%","3.459GiB","7.612GiB","45.44%","6.01MB / 4.27MB","143GB / 34.7GB","108"
"2026-07-31T12:50:21.7111480Z","performance_03","dc3ae6023b26","157.79%","3.468GiB","7.612GiB","45.56%","6.01MB / 4.27MB","144GB / 34.7GB","108"
"2026-07-31T12:50:24.7150956Z","performance_03","dc3ae6023b26","163.88%","3.461GiB","7.612GiB","45.46%","6.02MB / 4.28MB","144GB / 34.7GB","108"
"2026-07-31T12:50:26.7439743Z","performance_03","dc3ae6023b26","165.87%","3.456GiB","7.612GiB","45.40%","6.02MB / 4.28MB","144GB / 34.7GB","108"
"2026-07-31T12:50:28.7746362Z","performance_03","dc3ae6023b26","173.51%","3.449GiB","7.612GiB","45.31%","6.02MB / 4.28MB","144GB / 34.7GB","108"
"2026-07-31T12:50:30.8091414Z","performance_03","dc3ae6023b26","168.31%","3.45GiB","7.612GiB","45.32%","6.02MB / 4.28MB","144GB / 34.7GB","108"
"2026-07-31T12:50:33.8126021Z","performance_03","dc3ae6023b26","160.04%","3.455GiB","7.612GiB","45.39%","6.02MB / 4.28MB","144GB / 34.7GB","108"
"2026-07-31T12:50:35.8418305Z","performance_03","dc3ae6023b26","166.09%","3.449GiB","7.612GiB","45.31%","6.02MB / 4.28MB","144GB / 34.7GB","108"
"2026-07-31T12:50:37.8724150Z","performance_03","dc3ae6023b26","166.64%","3.45GiB","7.612GiB","45.33%","6.02MB / 4.28MB","144GB / 34.7GB","108"
"2026-07-31T12:50:39.9038182Z","performance_03","dc3ae6023b26","166.69%","3.456GiB","7.612GiB","45.40%","6.02MB / 4.28MB","144GB / 34.7GB","108"
"2026-07-31T12:50:41.9332795Z","performance_03","dc3ae6023b26","167.42%","3.45GiB","7.612GiB","45.32%","6.03MB / 4.29MB","144GB / 34.7GB","108"
"2026-07-31T12:50:44.9381258Z","performance_03","dc3ae6023b26","167.93%","3.456GiB","7.612GiB","45.40%","6.03MB / 4.29MB","144GB / 34.7GB","108"
"2026-07-31T12:50:46.9679715Z","performance_03","dc3ae6023b26","167.46%","3.449GiB","7.612GiB","45.31%","6.03MB / 4.29MB","144GB / 34.7GB","108"
"2026-07-31T12:50:48.9995386Z","performance_03","dc3ae6023b26","166.69%","3.452GiB","7.612GiB","45.35%","6.03MB / 4.29MB","144GB / 34.7GB","108"
"2026-07-31T12:50:51.0359981Z","performance_03","dc3ae6023b26","170.46%","3.451GiB","7.612GiB","45.34%","6.03MB / 4.29MB","144GB / 34.7GB","108"
"2026-07-31T12:50:54.0405300Z","performance_03","dc3ae6023b26","166.76%","3.448GiB","7.612GiB","45.30%","6.03MB / 4.29MB","144GB / 34.7GB","108"
"2026-07-31T12:50:56.0694085Z","performance_03","dc3ae6023b26","171.41%","3.447GiB","7.612GiB","45.28%","6.03MB / 4.29MB","144GB / 34.7GB","108"
"2026-07-31T12:50:58.0993318Z","performance_03","dc3ae6023b26","166.62%","3.452GiB","7.612GiB","45.35%","6.03MB / 4.29MB","144GB / 34.7GB","108"
"2026-07-31T12:51:00.1288820Z","performance_03","dc3ae6023b26","170.41%","3.448GiB","7.612GiB","45.30%","6.04MB / 4.3MB","144GB / 34.7GB","108"
"2026-07-31T12:51:03.1337480Z","performance_03","dc3ae6023b26","173.21%","3.449GiB","7.612GiB","45.30%","6.04MB / 4.3MB","145GB / 34.7GB","108"
"2026-07-31T12:51:05.1627057Z","performance_03","dc3ae6023b26","165.03%","3.452GiB","7.612GiB","45.35%","6.04MB / 4.3MB","145GB / 34.7GB","108"
"2026-07-31T12:51:07.1927326Z","performance_03","dc3ae6023b26","166.97%","3.458GiB","7.612GiB","45.42%","6.04MB / 4.3MB","145GB / 34.7GB","108"
"2026-07-31T12:51:09.2221067Z","performance_03","dc3ae6023b26","167.15%","3.45GiB","7.612GiB","45.32%","6.04MB / 4.3MB","145GB / 34.7GB","108"
"2026-07-31T12:51:11.2511646Z","performance_03","dc3ae6023b26","166.57%","3.447GiB","7.612GiB","45.29%","6.04MB / 4.3MB","145GB / 34.7GB","108"
"2026-07-31T12:51:14.2562961Z","performance_03","dc3ae6023b26","164.50%","3.452GiB","7.612GiB","45.34%","6.04MB / 4.3MB","145GB / 34.7GB","108"
"2026-07-31T12:51:16.2858915Z","performance_03","dc3ae6023b26","168.38%","3.446GiB","7.612GiB","45.27%","6.04MB / 4.3MB","145GB / 34.7GB","108"
"2026-07-31T12:51:18.3156757Z","performance_03","dc3ae6023b26","165.53%","3.449GiB","7.612GiB","45.31%","6.04MB / 4.3MB","145GB / 34.7GB","108"
"2026-07-31T12:51:20.3457816Z","performance_03","dc3ae6023b26","167.87%","3.448GiB","7.612GiB","45.29%","6.05MB / 4.31MB","145GB / 34.7GB","108"
"2026-07-31T12:51:23.3504369Z","performance_03","dc3ae6023b26","168.92%","3.452GiB","7.612GiB","45.35%","6.05MB / 4.31MB","145GB / 34.7GB","108"
"2026-07-31T12:51:25.3813405Z","performance_03","dc3ae6023b26","160.58%","3.448GiB","7.612GiB","45.30%","6.05MB / 4.31MB","145GB / 34.7GB","108"
"2026-07-31T12:51:27.4137654Z","performance_03","dc3ae6023b26","167.48%","3.45GiB","7.612GiB","45.31%","6.05MB / 4.31MB","145GB / 34.7GB","108"
"2026-07-31T12:51:29.4425987Z","performance_03","dc3ae6023b26","171.40%","3.453GiB","7.612GiB","45.37%","6.05MB / 4.31MB","145GB / 34.7GB","108"
"2026-07-31T12:51:31.4727757Z","performance_03","dc3ae6023b26","165.84%","3.449GiB","7.612GiB","45.31%","6.05MB / 4.31MB","145GB / 34.7GB","108"
"2026-07-31T12:51:34.4773744Z","performance_03","dc3ae6023b26","168.65%","3.455GiB","7.612GiB","45.38%","6.05MB / 4.31MB","145GB / 34.7GB","108"
"2026-07-31T12:51:36.5076068Z","performance_03","dc3ae6023b26","172.42%","3.449GiB","7.612GiB","45.31%","6.05MB / 4.31MB","145GB / 34.7GB","108"
"2026-07-31T12:51:38.5384971Z","performance_03","dc3ae6023b26","168.31%","3.45GiB","7.612GiB","45.32%","6.05MB / 4.31MB","145GB / 34.7GB","108"
"2026-07-31T12:51:40.5686667Z","performance_03","dc3ae6023b26","168.32%","3.45GiB","7.612GiB","45.32%","6.06MB / 4.32MB","145GB / 34.7GB","108"
"2026-07-31T12:51:43.5736980Z","performance_03","dc3ae6023b26","170.03%","3.451GiB","7.612GiB","45.33%","6.06MB / 4.32MB","146GB / 34.7GB","108"
"2026-07-31T12:51:45.6043968Z","performance_03","dc3ae6023b26","172.56%","3.455GiB","7.612GiB","45.39%","6.06MB / 4.32MB","146GB / 34.7GB","108"
"2026-07-31T12:51:47.6338547Z","performance_03","dc3ae6023b26","165.77%","3.449GiB","7.612GiB","45.31%","6.06MB / 4.32MB","146GB / 34.7GB","108"
"2026-07-31T12:51:49.6639527Z","performance_03","dc3ae6023b26","168.12%","3.455GiB","7.612GiB","45.38%","6.06MB / 4.32MB","146GB / 34.7GB","108"
"2026-07-31T12:51:51.6987066Z","performance_03","dc3ae6023b26","165.65%","3.453GiB","7.612GiB","45.35%","6.06MB / 4.32MB","146GB / 34.7GB","108"
"2026-07-31T12:51:54.7034240Z","performance_03","dc3ae6023b26","167.92%","3.45GiB","7.612GiB","45.32%","6.06MB / 4.32MB","146GB / 34.7GB","108"
"2026-07-31T12:51:56.7331457Z","performance_03","dc3ae6023b26","167.07%","3.451GiB","7.612GiB","45.33%","6.06MB / 4.32MB","146GB / 34.7GB","108"
"2026-07-31T12:51:58.7663843Z","performance_03","dc3ae6023b26","168.00%","3.45GiB","7.612GiB","45.31%","6.07MB / 4.33MB","146GB / 34.7GB","108"
"2026-07-31T12:52:00.7980667Z","performance_03","dc3ae6023b26","170.09%","3.456GiB","7.612GiB","45.40%","6.07MB / 4.33MB","146GB / 34.7GB","108"
"2026-07-31T12:52:03.8022299Z","performance_03","dc3ae6023b26","166.95%","3.449GiB","7.612GiB","45.31%","6.07MB / 4.33MB","146GB / 34.7GB","108"
"2026-07-31T12:52:05.8309636Z","performance_03","dc3ae6023b26","167.42%","3.452GiB","7.612GiB","45.35%","6.07MB / 4.33MB","146GB / 34.7GB","108"
"2026-07-31T12:52:07.8603047Z","performance_03","dc3ae6023b26","167.11%","3.449GiB","7.612GiB","45.31%","6.07MB / 4.33MB","146GB / 34.7GB","108"
"2026-07-31T12:52:09.8916598Z","performance_03","dc3ae6023b26","165.02%","3.45GiB","7.612GiB","45.32%","6.07MB / 4.33MB","146GB / 34.7GB","108"
"2026-07-31T12:52:11.9213404Z","performance_03","dc3ae6023b26","168.13%","3.449GiB","7.612GiB","45.31%","6.07MB / 4.33MB","146GB / 34.7GB","108"
"2026-07-31T12:52:14.9263345Z","performance_03","dc3ae6023b26","170.53%","3.455GiB","7.612GiB","45.39%","6.07MB / 4.33MB","146GB / 34.7GB","108"
"2026-07-31T12:52:16.9569529Z","performance_03","dc3ae6023b26","166.25%","3.449GiB","7.612GiB","45.31%","6.08MB / 4.34MB","146GB / 34.7GB","108"
"2026-07-31T12:52:18.9874600Z","performance_03","dc3ae6023b26","166.10%","3.45GiB","7.612GiB","45.32%","6.08MB / 4.34MB","146GB / 34.7GB","108"
"2026-07-31T12:52:21.0210483Z","performance_03","dc3ae6023b26","163.90%","3.45GiB","7.612GiB","45.32%","6.08MB / 4.34MB","146GB / 34.7GB","108"
"2026-07-31T12:52:24.0238808Z","performance_03","dc3ae6023b26","164.84%","3.457GiB","7.612GiB","45.42%","6.08MB / 4.34MB","146GB / 34.7GB","108"
"2026-07-31T12:52:26.0533965Z","performance_03","dc3ae6023b26","166.97%","3.45GiB","7.612GiB","45.31%","6.08MB / 4.34MB","147GB / 34.7GB","108"
"2026-07-31T12:52:28.0870706Z","performance_03","dc3ae6023b26","177.01%","3.501GiB","7.612GiB","45.99%","6.08MB / 4.34MB","147GB / 34.7GB","108"
"2026-07-31T12:52:30.1169625Z","performance_03","dc3ae6023b26","167.76%","3.456GiB","7.612GiB","45.40%","6.08MB / 4.34MB","147GB / 34.7GB","108"
"2026-07-31T12:52:33.1216301Z","performance_03","dc3ae6023b26","167.58%","3.449GiB","7.612GiB","45.30%","6.08MB / 4.34MB","147GB / 34.7GB","108"
"2026-07-31T12:52:35.1529676Z","performance_03","dc3ae6023b26","165.89%","3.452GiB","7.612GiB","45.35%","6.09MB / 4.35MB","147GB / 34.7GB","108"
"2026-07-31T12:52:37.1852090Z","performance_03","dc3ae6023b26","176.78%","3.45GiB","7.612GiB","45.32%","6.09MB / 4.35MB","147GB / 34.7GB","108"
"2026-07-31T12:52:39.2157223Z","performance_03","dc3ae6023b26","166.37%","3.449GiB","7.612GiB","45.31%","6.09MB / 4.35MB","147GB / 34.7GB","108"
"2026-07-31T12:52:41.2447049Z","performance_03","dc3ae6023b26","171.27%","3.448GiB","7.612GiB","45.29%","6.09MB / 4.35MB","147GB / 34.7GB","108"
"2026-07-31T12:52:44.2494467Z","performance_03","dc3ae6023b26","163.68%","3.451GiB","7.612GiB","45.33%","6.09MB / 4.35MB","147GB / 34.7GB","108"
"2026-07-31T12:52:46.2799819Z","performance_03","dc3ae6023b26","167.51%","3.456GiB","7.612GiB","45.40%","6.09MB / 4.35MB","147GB / 34.7GB","108"
"2026-07-31T12:52:48.3123958Z","performance_03","dc3ae6023b26","166.50%","3.449GiB","7.612GiB","45.31%","6.09MB / 4.35MB","147GB / 34.7GB","108"
"2026-07-31T12:52:50.3406663Z","performance_03","dc3ae6023b26","163.67%","3.454GiB","7.612GiB","45.37%","6.09MB / 4.35MB","147GB / 34.7GB","108"
"2026-07-31T12:52:53.3457646Z","performance_03","dc3ae6023b26","166.71%","3.449GiB","7.612GiB","45.31%","6.1MB / 4.36MB","147GB / 34.7GB","108"
"2026-07-31T12:52:55.3747349Z","performance_03","dc3ae6023b26","170.22%","3.454GiB","7.612GiB","45.37%","6.1MB / 4.36MB","147GB / 34.7GB","108"
"2026-07-31T12:52:57.4058741Z","performance_03","dc3ae6023b26","170.17%","3.449GiB","7.612GiB","45.31%","6.1MB / 4.36MB","147GB / 34.7GB","108"
"2026-07-31T12:52:59.4341667Z","performance_03","dc3ae6023b26","167.07%","3.449GiB","7.612GiB","45.31%","6.1MB / 4.36MB","147GB / 34.7GB","108"
"2026-07-31T12:53:01.4635115Z","performance_03","dc3ae6023b26","164.43%","3.448GiB","7.612GiB","45.29%","6.1MB / 4.36MB","147GB / 34.7GB","108"
"2026-07-31T12:53:04.4706005Z","performance_03","dc3ae6023b26","174.35%","3.45GiB","7.612GiB","45.33%","6.1MB / 4.36MB","147GB / 34.7GB","108"
"2026-07-31T12:53:06.5025700Z","performance_03","dc3ae6023b26","162.84%","3.449GiB","7.612GiB","45.31%","6.1MB / 4.36MB","148GB / 34.7GB","108"
"2026-07-31T12:53:08.5309789Z","performance_03","dc3ae6023b26","166.40%","3.449GiB","7.612GiB","45.30%","6.1MB / 4.36MB","148GB / 34.7GB","108"
"2026-07-31T12:53:10.5612553Z","performance_03","dc3ae6023b26","161.06%","3.449GiB","7.612GiB","45.31%","6.1MB / 4.36MB","148GB / 34.7GB","108"
"2026-07-31T12:53:13.5660935Z","performance_03","dc3ae6023b26","165.35%","3.454GiB","7.612GiB","45.37%","6.11MB / 4.37MB","148GB / 34.7GB","108"
"2026-07-31T12:53:15.5993248Z","performance_03","dc3ae6023b26","164.36%","3.448GiB","7.612GiB","45.30%","6.11MB / 4.37MB","148GB / 34.7GB","108"
"2026-07-31T12:53:17.6290179Z","performance_03","dc3ae6023b26","165.89%","3.449GiB","7.612GiB","45.30%","6.11MB / 4.37MB","148GB / 34.7GB","108"
"2026-07-31T12:53:19.6580066Z","performance_03","dc3ae6023b26","174.27%","3.454GiB","7.612GiB","45.37%","6.11MB / 4.37MB","148GB / 34.7GB","108"
"2026-07-31T12:53:21.6905993Z","performance_03","dc3ae6023b26","165.35%","3.452GiB","7.612GiB","45.34%","6.11MB / 4.37MB","148GB / 34.7GB","108"
"2026-07-31T12:53:24.6944253Z","performance_03","dc3ae6023b26","165.74%","3.449GiB","7.612GiB","45.30%","6.11MB / 4.37MB","148GB / 34.7GB","108"
"2026-07-31T12:53:26.7228793Z","performance_03","dc3ae6023b26","163.29%","3.45GiB","7.612GiB","45.32%","6.11MB / 4.37MB","148GB / 34.7GB","108"
"2026-07-31T12:53:28.7516737Z","performance_03","dc3ae6023b26","167.59%","3.456GiB","7.612GiB","45.40%","6.11MB / 4.37MB","148GB / 34.7GB","108"
"2026-07-31T12:53:30.7834562Z","performance_03","dc3ae6023b26","164.94%","3.449GiB","7.612GiB","45.30%","6.12MB / 4.38MB","148GB / 34.7GB","108"
"2026-07-31T12:53:33.7912094Z","performance_03","dc3ae6023b26","168.21%","3.442GiB","7.612GiB","45.22%","6.12MB / 4.38MB","148GB / 34.7GB","108"
"2026-07-31T12:53:35.8205263Z","performance_03","dc3ae6023b26","171.32%","3.438GiB","7.612GiB","45.16%","6.12MB / 4.38MB","148GB / 34.7GB","108"
"2026-07-31T12:53:37.8518137Z","performance_03","dc3ae6023b26","166.27%","3.44GiB","7.612GiB","45.18%","6.12MB / 4.38MB","148GB / 34.7GB","108"
"2026-07-31T12:53:39.8840668Z","performance_03","dc3ae6023b26","176.87%","3.445GiB","7.612GiB","45.26%","6.12MB / 4.38MB","148GB / 34.7GB","108"
"2026-07-31T12:53:41.9143832Z","performance_03","dc3ae6023b26","168.62%","3.441GiB","7.612GiB","45.21%","6.12MB / 4.38MB","148GB / 34.7GB","108"
"2026-07-31T12:53:44.9194257Z","performance_03","dc3ae6023b26","171.25%","3.438GiB","7.612GiB","45.16%","6.12MB / 4.38MB","148GB / 34.7GB","108"
"2026-07-31T12:53:46.9489530Z","performance_03","dc3ae6023b26","162.23%","3.438GiB","7.612GiB","45.16%","6.12MB / 4.38MB","149GB / 34.7GB","108"
"2026-07-31T12:53:48.9783031Z","performance_03","dc3ae6023b26","165.80%","3.444GiB","7.612GiB","45.24%","6.13MB / 4.39MB","149GB / 34.7GB","108"
"2026-07-31T12:53:51.0092072Z","performance_03","dc3ae6023b26","171.08%","3.439GiB","7.612GiB","45.17%","6.13MB / 4.39MB","149GB / 34.7GB","108"
"2026-07-31T12:53:54.0137252Z","performance_03","dc3ae6023b26","169.22%","3.438GiB","7.612GiB","45.16%","6.13MB / 4.39MB","149GB / 34.7GB","108"
"2026-07-31T12:53:56.0431193Z","performance_03","dc3ae6023b26","169.08%","3.438GiB","7.612GiB","45.16%","6.13MB / 4.39MB","149GB / 34.7GB","108"
"2026-07-31T12:53:58.0733628Z","performance_03","dc3ae6023b26","161.49%","3.445GiB","7.612GiB","45.25%","6.13MB / 4.39MB","149GB / 34.7GB","108"
"2026-07-31T12:54:00.1060020Z","performance_03","dc3ae6023b26","165.97%","3.442GiB","7.612GiB","45.22%","6.13MB / 4.39MB","149GB / 34.7GB","108"
"2026-07-31T12:54:03.1197137Z","performance_03","dc3ae6023b26","163.52%","3.438GiB","7.612GiB","45.16%","6.13MB / 4.39MB","149GB / 34.7GB","108"
"2026-07-31T12:54:05.1485068Z","performance_03","dc3ae6023b26","163.69%","3.439GiB","7.612GiB","45.17%","6.13MB / 4.39MB","149GB / 34.7GB","108"
"2026-07-31T12:54:07.1772623Z","performance_03","dc3ae6023b26","166.91%","3.446GiB","7.612GiB","45.27%","6.14MB / 4.39MB","149GB / 34.7GB","108"
"2026-07-31T12:54:09.2082790Z","performance_03","dc3ae6023b26","165.97%","3.437GiB","7.612GiB","45.16%","6.14MB / 4.4MB","149GB / 34.7GB","108"
"2026-07-31T12:54:11.2377968Z","performance_03","dc3ae6023b26","164.75%","3.438GiB","7.612GiB","45.16%","6.14MB / 4.4MB","149GB / 34.7GB","108"
"2026-07-31T12:54:14.2430203Z","performance_03","dc3ae6023b26","180.85%","3.468GiB","7.612GiB","45.55%","6.14MB / 4.4MB","149GB / 34.7GB","108"
"2026-07-31T12:54:16.2732792Z","performance_03","dc3ae6023b26","169.67%","3.443GiB","7.612GiB","45.23%","6.14MB / 4.4MB","149GB / 34.7GB","108"
"2026-07-31T12:54:18.3030660Z","performance_03","dc3ae6023b26","168.21%","3.438GiB","7.612GiB","45.17%","6.14MB / 4.4MB","149GB / 34.7GB","108"
"2026-07-31T12:54:20.3322214Z","performance_03","dc3ae6023b26","165.42%","3.438GiB","7.612GiB","45.16%","6.14MB / 4.4MB","149GB / 34.7GB","108"
"2026-07-31T12:54:23.3385941Z","performance_03","dc3ae6023b26","171.97%","3.443GiB","7.612GiB","45.23%","6.14MB / 4.4MB","149GB / 34.7GB","108"
"2026-07-31T12:54:25.3706761Z","performance_03","dc3ae6023b26","166.55%","3.436GiB","7.612GiB","45.13%","6.14MB / 4.4MB","149GB / 34.7GB","108"
"2026-07-31T12:54:27.4031082Z","performance_03","dc3ae6023b26","164.20%","3.439GiB","7.612GiB","45.17%","6.14MB / 4.4MB","150GB / 34.7GB","108"
"2026-07-31T12:54:29.4339270Z","performance_03","dc3ae6023b26","167.46%","3.444GiB","7.612GiB","45.24%","6.15MB / 4.41MB","150GB / 34.7GB","108"
"2026-07-31T12:54:31.4653121Z","performance_03","dc3ae6023b26","163.34%","3.443GiB","7.612GiB","45.22%","6.15MB / 4.41MB","150GB / 34.7GB","108"
"2026-07-31T12:54:34.4717632Z","performance_03","dc3ae6023b26","170.76%","3.438GiB","7.612GiB","45.16%","6.15MB / 4.41MB","150GB / 34.7GB","108"
"2026-07-31T12:54:36.5016288Z","performance_03","dc3ae6023b26","165.12%","3.443GiB","7.612GiB","45.23%","6.15MB / 4.41MB","150GB / 34.7GB","108"
"2026-07-31T12:54:38.5318486Z","performance_03","dc3ae6023b26","168.19%","3.438GiB","7.612GiB","45.17%","6.15MB / 4.41MB","150GB / 34.7GB","108"
"2026-07-31T12:54:40.5619228Z","performance_03","dc3ae6023b26","168.29%","3.438GiB","7.612GiB","45.16%","6.15MB / 4.41MB","150GB / 34.7GB","108"
"2026-07-31T12:54:43.5663753Z","performance_03","dc3ae6023b26","167.77%","3.438GiB","7.612GiB","45.16%","6.15MB / 4.41MB","150GB / 34.7GB","108"
"2026-07-31T12:54:45.5974426Z","performance_03","dc3ae6023b26","187.94%","3.5GiB","7.612GiB","45.98%","6.16MB / 4.42MB","150GB / 34.7GB","108"
"2026-07-31T12:54:47.6273110Z","performance_03","dc3ae6023b26","164.84%","3.47GiB","7.612GiB","45.58%","6.16MB / 4.42MB","150GB / 34.7GB","108"
"2026-07-31T12:54:49.6569617Z","performance_03","dc3ae6023b26","166.81%","3.472GiB","7.612GiB","45.60%","6.16MB / 4.42MB","150GB / 34.7GB","108"
"2026-07-31T12:54:51.6883404Z","performance_03","dc3ae6023b26","172.15%","3.474GiB","7.612GiB","45.64%","6.16MB / 4.42MB","150GB / 34.7GB","108"
"2026-07-31T12:54:54.6917138Z","performance_03","dc3ae6023b26","170.60%","3.48GiB","7.612GiB","45.72%","6.16MB / 4.42MB","150GB / 34.7GB","108"
"2026-07-31T12:54:56.7205016Z","performance_03","dc3ae6023b26","175.83%","3.478GiB","7.612GiB","45.69%","6.16MB / 4.42MB","150GB / 34.7GB","108"
"2026-07-31T12:54:58.7512200Z","performance_03","dc3ae6023b26","171.24%","3.479GiB","7.612GiB","45.70%","6.16MB / 4.42MB","150GB / 34.7GB","108"
"2026-07-31T12:55:00.7813370Z","performance_03","dc3ae6023b26","170.39%","3.479GiB","7.612GiB","45.70%","6.16MB / 4.42MB","150GB / 34.7GB","108"
"2026-07-31T12:55:03.7884753Z","performance_03","dc3ae6023b26","169.43%","3.502GiB","7.612GiB","46.01%","6.17MB / 4.43MB","150GB / 34.7GB","108"
"2026-07-31T12:55:05.8190649Z","performance_03","dc3ae6023b26","170.65%","3.497GiB","7.612GiB","45.94%","6.17MB / 4.43MB","151GB / 34.7GB","108"
"2026-07-31T12:55:07.8491188Z","performance_03","dc3ae6023b26","168.49%","3.501GiB","7.612GiB","45.99%","6.17MB / 4.43MB","151GB / 34.7GB","108"
"2026-07-31T12:55:09.8802809Z","performance_03","dc3ae6023b26","168.50%","3.497GiB","7.612GiB","45.93%","6.17MB / 4.43MB","151GB / 34.7GB","108"
"2026-07-31T12:55:11.9106620Z","performance_03","dc3ae6023b26","167.92%","3.497GiB","7.612GiB","45.94%","6.17MB / 4.43MB","151GB / 34.7GB","108"
"2026-07-31T12:55:14.9158773Z","performance_03","dc3ae6023b26","168.76%","3.497GiB","7.612GiB","45.94%","6.17MB / 4.43MB","151GB / 34.7GB","108"
"2026-07-31T12:55:16.9462184Z","performance_03","dc3ae6023b26","171.29%","3.504GiB","7.612GiB","46.03%","6.17MB / 4.43MB","151GB / 34.7GB","108"
"2026-07-31T12:55:18.9741679Z","performance_03","dc3ae6023b26","166.80%","3.495GiB","7.612GiB","45.91%","6.17MB / 4.43MB","151GB / 34.7GB","108"
"2026-07-31T12:55:21.0069718Z","performance_03","dc3ae6023b26","171.61%","3.499GiB","7.612GiB","45.97%","6.18MB / 4.44MB","151GB / 34.7GB","108"
"2026-07-31T12:55:24.0123458Z","performance_03","dc3ae6023b26","167.60%","3.5GiB","7.612GiB","45.98%","6.18MB / 4.44MB","151GB / 34.7GB","108"
"2026-07-31T12:55:26.0412158Z","performance_03","dc3ae6023b26","168.11%","3.503GiB","7.612GiB","46.02%","6.18MB / 4.44MB","151GB / 34.7GB","108"
"2026-07-31T12:55:28.0721240Z","performance_03","dc3ae6023b26","169.71%","3.5GiB","7.612GiB","45.97%","6.18MB / 4.44MB","151GB / 34.7GB","108"
"2026-07-31T12:55:30.1039340Z","performance_03","dc3ae6023b26","165.82%","3.5GiB","7.612GiB","45.98%","6.18MB / 4.44MB","151GB / 34.7GB","108"
"2026-07-31T12:55:33.1101710Z","performance_03","dc3ae6023b26","167.12%","3.5GiB","7.612GiB","45.97%","6.18MB / 4.44MB","151GB / 34.7GB","108"
"2026-07-31T12:55:35.1395037Z","performance_03","dc3ae6023b26","177.09%","3.507GiB","7.612GiB","46.07%","6.18MB / 4.44MB","151GB / 34.7GB","108"
"2026-07-31T12:55:37.1696645Z","performance_03","dc3ae6023b26","167.17%","3.5GiB","7.612GiB","45.98%","6.18MB / 4.44MB","151GB / 34.7GB","108"
"2026-07-31T12:55:39.2006767Z","performance_03","dc3ae6023b26","169.90%","3.503GiB","7.612GiB","46.02%","6.18MB / 4.44MB","151GB / 34.7GB","108"
"2026-07-31T12:55:41.2303993Z","performance_03","dc3ae6023b26","167.45%","3.501GiB","7.612GiB","45.99%","6.19MB / 4.45MB","151GB / 34.7GB","108"
"2026-07-31T12:55:44.2361531Z","performance_03","dc3ae6023b26","166.81%","3.508GiB","7.612GiB","46.08%","6.19MB / 4.45MB","151GB / 34.7GB","108"
"2026-07-31T12:55:46.2662797Z","performance_03","dc3ae6023b26","168.60%","3.501GiB","7.612GiB","45.99%","6.19MB / 4.45MB","152GB / 34.7GB","108"
"2026-07-31T12:55:48.2985904Z","performance_03","dc3ae6023b26","178.30%","3.542GiB","7.612GiB","46.53%","6.19MB / 4.45MB","152GB / 34.7GB","108"
"2026-07-31T12:55:50.3279231Z","performance_03","dc3ae6023b26","167.48%","3.504GiB","7.612GiB","46.03%","6.19MB / 4.45MB","152GB / 34.7GB","108"
"2026-07-31T12:55:53.3342145Z","performance_03","dc3ae6023b26","170.12%","3.503GiB","7.612GiB","46.02%","6.19MB / 4.45MB","152GB / 34.7GB","108"
"2026-07-31T12:55:55.3633310Z","performance_03","dc3ae6023b26","167.45%","3.503GiB","7.612GiB","46.02%","6.19MB / 4.45MB","152GB / 34.7GB","108"
"2026-07-31T12:55:57.3951530Z","performance_03","dc3ae6023b26","166.37%","3.51GiB","7.612GiB","46.11%","6.19MB / 4.45MB","152GB / 34.7GB","108"
"2026-07-31T12:55:59.4240150Z","performance_03","dc3ae6023b26","172.02%","3.553GiB","7.612GiB","46.67%","6.19MB / 4.45MB","152GB / 34.7GB","108"
"2026-07-31T12:56:01.4540572Z","performance_03","dc3ae6023b26","165.98%","3.528GiB","7.612GiB","46.34%","6.2MB / 4.46MB","152GB / 34.7GB","108"
"2026-07-31T12:56:04.4596564Z","performance_03","dc3ae6023b26","167.04%","3.522GiB","7.612GiB","46.27%","6.2MB / 4.46MB","152GB / 34.7GB","108"
"2026-07-31T12:56:06.4952494Z","performance_03","dc3ae6023b26","167.10%","3.525GiB","7.612GiB","46.31%","6.2MB / 4.46MB","152GB / 34.7GB","108"
"2026-07-31T12:56:08.5250711Z","performance_03","dc3ae6023b26","166.02%","3.522GiB","7.612GiB","46.27%","6.2MB / 4.46MB","152GB / 34.7GB","108"
"2026-07-31T12:56:10.5540889Z","performance_03","dc3ae6023b26","169.18%","3.527GiB","7.612GiB","46.33%","6.2MB / 4.46MB","152GB / 34.7GB","108"
"2026-07-31T12:56:13.5585082Z","performance_03","dc3ae6023b26","166.30%","3.522GiB","7.612GiB","46.26%","6.2MB / 4.46MB","152GB / 34.7GB","108"
"2026-07-31T12:56:15.5919587Z","performance_03","dc3ae6023b26","169.03%","3.52GiB","7.612GiB","46.23%","6.2MB / 4.46MB","152GB / 34.7GB","108"
"2026-07-31T12:56:17.6256534Z","performance_03","dc3ae6023b26","169.10%","3.525GiB","7.612GiB","46.30%","6.2MB / 4.46MB","152GB / 34.7GB","108"
"2026-07-31T12:56:19.6578348Z","performance_03","dc3ae6023b26","170.93%","3.528GiB","7.612GiB","46.35%","6.21MB / 4.47MB","152GB / 34.7GB","108"
"2026-07-31T12:56:21.6892596Z","performance_03","dc3ae6023b26","168.58%","3.528GiB","7.612GiB","46.35%","6.21MB / 4.47MB","152GB / 34.7GB","108"
"2026-07-31T12:56:24.6947749Z","performance_03","dc3ae6023b26","167.62%","3.522GiB","7.612GiB","46.26%","6.21MB / 4.47MB","153GB / 34.7GB","108"
"2026-07-31T12:56:26.7257006Z","performance_03","dc3ae6023b26","167.47%","3.527GiB","7.612GiB","46.33%","6.21MB / 4.47MB","153GB / 34.7GB","108"
"2026-07-31T12:56:28.7548296Z","performance_03","dc3ae6023b26","183.85%","3.522GiB","7.612GiB","46.27%","6.21MB / 4.47MB","153GB / 34.7GB","108"
"2026-07-31T12:56:30.7874388Z","performance_03","dc3ae6023b26","171.67%","3.522GiB","7.612GiB","46.27%","6.21MB / 4.47MB","153GB / 34.7GB","108"
"2026-07-31T12:56:33.7903644Z","performance_03","dc3ae6023b26","167.04%","3.525GiB","7.612GiB","46.30%","6.21MB / 4.47MB","153GB / 34.7GB","108"
"2026-07-31T12:56:35.8197572Z","performance_03","dc3ae6023b26","176.36%","3.521GiB","7.612GiB","46.25%","6.21MB / 4.47MB","153GB / 34.7GB","108"
"2026-07-31T12:56:37.8495404Z","performance_03","dc3ae6023b26","170.13%","3.523GiB","7.612GiB","46.28%","6.22MB / 4.48MB","153GB / 34.7GB","108"
"2026-07-31T12:56:39.8793478Z","performance_03","dc3ae6023b26","174.90%","3.529GiB","7.612GiB","46.35%","6.22MB / 4.48MB","153GB / 34.7GB","108"
"2026-07-31T12:56:41.9088637Z","performance_03","dc3ae6023b26","165.24%","3.528GiB","7.612GiB","46.34%","6.22MB / 4.48MB","153GB / 34.7GB","108"
"2026-07-31T12:56:44.9139152Z","performance_03","dc3ae6023b26","170.59%","3.522GiB","7.612GiB","46.26%","6.22MB / 4.48MB","153GB / 34.7GB","108"
"2026-07-31T12:56:46.9439407Z","performance_03","dc3ae6023b26","179.88%","3.525GiB","7.612GiB","46.31%","6.22MB / 4.48MB","153GB / 34.7GB","108"
"2026-07-31T12:56:48.9736960Z","performance_03","dc3ae6023b26","169.23%","3.522GiB","7.612GiB","46.27%","6.22MB / 4.48MB","153GB / 34.7GB","108"
"2026-07-31T12:56:51.0055214Z","performance_03","dc3ae6023b26","168.11%","3.521GiB","7.612GiB","46.25%","6.22MB / 4.48MB","153GB / 34.7GB","108"
"2026-07-31T12:56:54.0106295Z","performance_03","dc3ae6023b26","168.56%","3.52GiB","7.612GiB","46.25%","6.22MB / 4.48MB","153GB / 34.7GB","108"
"2026-07-31T12:56:56.0406056Z","performance_03","dc3ae6023b26","162.22%","3.487GiB","7.612GiB","45.80%","6.23MB / 4.49MB","153GB / 34.7GB","108"
"2026-07-31T12:56:58.0706446Z","performance_03","dc3ae6023b26","165.88%","3.422GiB","7.612GiB","44.95%","6.23MB / 4.49MB","153GB / 34.7GB","108"
"2026-07-31T12:57:00.1026153Z","performance_03","dc3ae6023b26","168.91%","3.428GiB","7.612GiB","45.04%","6.23MB / 4.49MB","153GB / 34.7GB","108"
"2026-07-31T12:57:03.1189749Z","performance_03","dc3ae6023b26","167.11%","3.422GiB","7.612GiB","44.95%","6.23MB / 4.49MB","153GB / 34.7GB","108"
"2026-07-31T12:57:05.1498861Z","performance_03","dc3ae6023b26","166.86%","3.423GiB","7.612GiB","44.97%","6.23MB / 4.49MB","154GB / 34.7GB","108"
"2026-07-31T12:57:07.1803535Z","performance_03","dc3ae6023b26","166.60%","3.428GiB","7.612GiB","45.04%","6.23MB / 4.49MB","154GB / 34.7GB","108"
"2026-07-31T12:57:09.2100459Z","performance_03","dc3ae6023b26","174.76%","3.42GiB","7.612GiB","44.93%","6.23MB / 4.49MB","154GB / 34.7GB","108"
"2026-07-31T12:57:11.2408495Z","performance_03","dc3ae6023b26","163.06%","3.425GiB","7.612GiB","44.99%","6.23MB / 4.49MB","154GB / 34.7GB","108"
"2026-07-31T12:57:14.2474518Z","performance_03","dc3ae6023b26","165.14%","3.429GiB","7.612GiB","45.05%","6.24MB / 4.5MB","154GB / 34.7GB","108"
"2026-07-31T12:57:16.2788335Z","performance_03","dc3ae6023b26","176.00%","3.422GiB","7.612GiB","44.95%","6.24MB / 4.5MB","154GB / 34.7GB","108"
"2026-07-31T12:57:18.3095342Z","performance_03","dc3ae6023b26","162.77%","3.423GiB","7.612GiB","44.97%","6.24MB / 4.5MB","154GB / 34.7GB","108"
"2026-07-31T12:57:20.3388769Z","performance_03","dc3ae6023b26","161.62%","3.422GiB","7.612GiB","44.96%","6.24MB / 4.5MB","154GB / 34.7GB","108"
"2026-07-31T12:57:23.3440444Z","performance_03","dc3ae6023b26","165.20%","3.423GiB","7.612GiB","44.96%","6.24MB / 4.5MB","154GB / 34.7GB","108"
"2026-07-31T12:57:25.3718635Z","performance_03","dc3ae6023b26","165.08%","3.428GiB","7.612GiB","45.03%","6.24MB / 4.5MB","154GB / 34.7GB","108"
"2026-07-31T12:57:27.4033980Z","performance_03","dc3ae6023b26","165.71%","3.422GiB","7.612GiB","44.96%","6.24MB / 4.5MB","154GB / 34.7GB","108"
"2026-07-31T12:57:29.4321081Z","performance_03","dc3ae6023b26","161.31%","3.448GiB","7.612GiB","45.30%","6.24MB / 4.5MB","154GB / 34.7GB","108"
"2026-07-31T12:57:31.4615560Z","performance_03","dc3ae6023b26","165.46%","3.451GiB","7.612GiB","45.33%","6.24MB / 4.5MB","154GB / 34.7GB","108"
"2026-07-31T12:57:34.4682894Z","performance_03","dc3ae6023b26","163.78%","3.453GiB","7.612GiB","45.36%","6.25MB / 4.51MB","154GB / 34.7GB","108"
"2026-07-31T12:57:36.5000230Z","performance_03","dc3ae6023b26","164.45%","3.451GiB","7.612GiB","45.33%","6.25MB / 4.51MB","154GB / 34.7GB","108"
"2026-07-31T12:57:38.5289725Z","performance_03","dc3ae6023b26","162.80%","3.451GiB","7.612GiB","45.34%","6.25MB / 4.51MB","154GB / 34.7GB","108"
"2026-07-31T12:57:40.5576084Z","performance_03","dc3ae6023b26","163.88%","3.45GiB","7.612GiB","45.32%","6.25MB / 4.51MB","154GB / 34.7GB","108"
"2026-07-31T12:57:43.5633549Z","performance_03","dc3ae6023b26","165.36%","3.451GiB","7.612GiB","45.33%","6.25MB / 4.51MB","154GB / 34.7GB","108"
"2026-07-31T12:57:45.5950454Z","performance_03","dc3ae6023b26","164.06%","3.455GiB","7.612GiB","45.39%","6.25MB / 4.51MB","154GB / 34.7GB","108"
"2026-07-31T12:57:47.6258471Z","performance_03","dc3ae6023b26","167.46%","3.45GiB","7.612GiB","45.32%","6.25MB / 4.51MB","155GB / 34.7GB","108"
"2026-07-31T12:57:49.6552160Z","performance_03","dc3ae6023b26","165.65%","3.45GiB","7.612GiB","45.32%","6.25MB / 4.51MB","155GB / 34.7GB","108"
"2026-07-31T12:57:51.6866245Z","performance_03","dc3ae6023b26","163.75%","3.45GiB","7.612GiB","45.32%","6.26MB / 4.52MB","155GB / 34.7GB","108"
"2026-07-31T12:57:54.6898926Z","performance_03","dc3ae6023b26","166.86%","3.452GiB","7.612GiB","45.35%","6.26MB / 4.52MB","155GB / 34.7GB","108"
"2026-07-31T12:57:56.7198553Z","performance_03","dc3ae6023b26","170.00%","3.458GiB","7.612GiB","45.42%","6.26MB / 4.52MB","155GB / 34.7GB","108"
"2026-07-31T12:57:58.7489093Z","performance_03","dc3ae6023b26","162.70%","3.45GiB","7.612GiB","45.33%","6.26MB / 4.52MB","155GB / 34.7GB","108"
"2026-07-31T12:58:00.7785901Z","performance_03","dc3ae6023b26","163.34%","3.45GiB","7.612GiB","45.32%","6.26MB / 4.52MB","155GB / 34.7GB","108"
"2026-07-31T12:58:03.7853940Z","performance_03","dc3ae6023b26","164.24%","3.45GiB","7.612GiB","45.32%","6.26MB / 4.52MB","155GB / 34.7GB","108"
"2026-07-31T12:58:05.8156898Z","performance_03","dc3ae6023b26","163.09%","3.454GiB","7.612GiB","45.37%","6.26MB / 4.52MB","155GB / 34.7GB","108"
"2026-07-31T12:58:07.8450177Z","performance_03","dc3ae6023b26","175.34%","3.454GiB","7.612GiB","45.37%","6.26MB / 4.52MB","155GB / 34.7GB","108"
"2026-07-31T12:58:09.8782620Z","performance_03","dc3ae6023b26","163.50%","3.45GiB","7.612GiB","45.32%","6.27MB / 4.53MB","155GB / 34.7GB","108"
"2026-07-31T12:58:11.9096669Z","performance_03","dc3ae6023b26","162.66%","3.454GiB","7.612GiB","45.37%","6.27MB / 4.53MB","155GB / 34.7GB","108"
"2026-07-31T12:58:14.9148207Z","performance_03","dc3ae6023b26","163.69%","3.451GiB","7.612GiB","45.33%","6.27MB / 4.53MB","155GB / 34.7GB","108"
"2026-07-31T12:58:16.9451075Z","performance_03","dc3ae6023b26","164.82%","3.45GiB","7.612GiB","45.33%","6.27MB / 4.53MB","155GB / 34.7GB","108"
"2026-07-31T12:58:18.9757632Z","performance_03","dc3ae6023b26","160.89%","3.452GiB","7.612GiB","45.35%","6.27MB / 4.53MB","155GB / 34.7GB","108"
"2026-07-31T12:58:21.0083407Z","performance_03","dc3ae6023b26","164.13%","3.448GiB","7.612GiB","45.30%","6.27MB / 4.53MB","155GB / 34.7GB","108"
"2026-07-31T12:58:24.0140273Z","performance_03","dc3ae6023b26","163.53%","3.455GiB","7.612GiB","45.39%","6.27MB / 4.53MB","155GB / 34.7GB","108"
"2026-07-31T12:58:26.0446028Z","performance_03","dc3ae6023b26","164.80%","3.45GiB","7.612GiB","45.33%","6.27MB / 4.53MB","155GB / 34.7GB","108"
"2026-07-31T12:58:28.0740615Z","performance_03","dc3ae6023b26","161.15%","3.447GiB","7.612GiB","45.28%","6.28MB / 4.54MB","156GB / 34.7GB","108"
"2026-07-31T12:58:30.1049508Z","performance_03","dc3ae6023b26","170.21%","3.45GiB","7.612GiB","45.33%","6.28MB / 4.54MB","156GB / 34.7GB","108"
"2026-07-31T12:58:33.1212697Z","performance_03","dc3ae6023b26","161.63%","3.453GiB","7.612GiB","45.36%","6.28MB / 4.54MB","156GB / 34.7GB","108"
"2026-07-31T12:58:35.1515909Z","performance_03","dc3ae6023b26","162.63%","3.45GiB","7.612GiB","45.33%","6.28MB / 4.54MB","156GB / 34.7GB","108"
"2026-07-31T12:58:37.1826310Z","performance_03","dc3ae6023b26","160.74%","3.453GiB","7.612GiB","45.36%","6.28MB / 4.54MB","156GB / 34.7GB","108"
"2026-07-31T12:58:39.2126094Z","performance_03","dc3ae6023b26","162.80%","3.45GiB","7.612GiB","45.32%","6.28MB / 4.54MB","156GB / 34.7GB","108"
"2026-07-31T12:58:41.2423846Z","performance_03","dc3ae6023b26","160.03%","3.456GiB","7.612GiB","45.40%","6.28MB / 4.54MB","156GB / 34.7GB","108"
"2026-07-31T12:58:44.2469718Z","performance_03","dc3ae6023b26","160.46%","3.45GiB","7.612GiB","45.33%","6.28MB / 4.54MB","156GB / 34.7GB","108"
"2026-07-31T12:58:46.2766600Z","performance_03","dc3ae6023b26","157.51%","3.457GiB","7.612GiB","45.41%","6.28MB / 4.54MB","156GB / 34.7GB","108"
"2026-07-31T12:58:48.3058920Z","performance_03","dc3ae6023b26","165.65%","3.45GiB","7.612GiB","45.32%","6.29MB / 4.54MB","156GB / 34.7GB","108"
"2026-07-31T12:58:50.3346173Z","performance_03","dc3ae6023b26","157.15%","3.45GiB","7.612GiB","45.32%","6.29MB / 4.55MB","156GB / 34.7GB","108"
"2026-07-31T12:58:53.3392817Z","performance_03","dc3ae6023b26","155.28%","3.452GiB","7.612GiB","45.34%","6.29MB / 4.55MB","156GB / 34.7GB","108"
"2026-07-31T12:58:55.3696372Z","performance_03","dc3ae6023b26","161.93%","3.449GiB","7.612GiB","45.30%","6.29MB / 4.55MB","156GB / 34.7GB","108"
"2026-07-31T12:58:57.4019606Z","performance_03","dc3ae6023b26","160.80%","3.451GiB","7.612GiB","45.33%","6.29MB / 4.55MB","156GB / 34.7GB","108"
"2026-07-31T12:58:59.4307536Z","performance_03","dc3ae6023b26","160.61%","3.457GiB","7.612GiB","45.41%","6.29MB / 4.55MB","156GB / 34.7GB","108"
"2026-07-31T12:59:01.4623245Z","performance_03","dc3ae6023b26","162.78%","3.451GiB","7.612GiB","45.33%","6.29MB / 4.55MB","156GB / 34.7GB","108"
"2026-07-31T12:59:04.4693334Z","performance_03","dc3ae6023b26","159.28%","3.456GiB","7.612GiB","45.40%","6.29MB / 4.55MB","156GB / 34.7GB","108"
"2026-07-31T12:59:06.5005498Z","performance_03","dc3ae6023b26","156.84%","3.45GiB","7.612GiB","45.32%","6.3MB / 4.56MB","156GB / 34.7GB","108"
"2026-07-31T12:59:08.5301356Z","performance_03","dc3ae6023b26","175.41%","3.453GiB","7.612GiB","45.36%","6.3MB / 4.56MB","157GB / 34.7GB","108"
"2026-07-31T12:59:10.5601289Z","performance_03","dc3ae6023b26","158.69%","3.451GiB","7.612GiB","45.33%","6.3MB / 4.56MB","157GB / 34.7GB","108"
"2026-07-31T12:59:13.5649392Z","performance_03","dc3ae6023b26","160.57%","3.458GiB","7.612GiB","45.42%","6.3MB / 4.56MB","157GB / 34.7GB","108"
"2026-07-31T12:59:15.5958637Z","performance_03","dc3ae6023b26","151.71%","3.45GiB","7.612GiB","45.32%","6.3MB / 4.56MB","157GB / 34.7GB","108"
"2026-07-31T12:59:17.6249261Z","performance_03","dc3ae6023b26","156.33%","3.455GiB","7.612GiB","45.38%","6.3MB / 4.56MB","157GB / 34.7GB","108"
"2026-07-31T12:59:19.6548683Z","performance_03","dc3ae6023b26","157.22%","3.45GiB","7.612GiB","45.32%","6.3MB / 4.56MB","157GB / 34.7GB","108"
"2026-07-31T12:59:21.6858649Z","performance_03","dc3ae6023b26","157.10%","3.45GiB","7.612GiB","45.33%","6.3MB / 4.56MB","157GB / 34.7GB","108"
"2026-07-31T12:59:24.6903689Z","performance_03","dc3ae6023b26","153.65%","3.452GiB","7.612GiB","45.34%","6.31MB / 4.57MB","157GB / 34.7GB","108"
"2026-07-31T12:59:26.7199693Z","performance_03","dc3ae6023b26","152.58%","3.457GiB","7.612GiB","45.42%","6.31MB / 4.57MB","157GB / 34.7GB","108"
"2026-07-31T12:59:28.7491184Z","performance_03","dc3ae6023b26","155.00%","3.45GiB","7.612GiB","45.32%","6.31MB / 4.57MB","157GB / 34.7GB","108"
"2026-07-31T12:59:30.7783585Z","performance_03","dc3ae6023b26","152.32%","3.451GiB","7.612GiB","45.33%","6.31MB / 4.57MB","157GB / 34.7GB","108"
"2026-07-31T12:59:33.7850571Z","performance_03","dc3ae6023b26","156.25%","3.453GiB","7.612GiB","45.36%","6.31MB / 4.57MB","157GB / 34.7GB","108"
"2026-07-31T12:59:35.8141317Z","performance_03","dc3ae6023b26","152.68%","3.457GiB","7.612GiB","45.41%","6.31MB / 4.57MB","157GB / 34.7GB","108"
"2026-07-31T12:59:37.8433175Z","performance_03","dc3ae6023b26","148.42%","3.451GiB","7.612GiB","45.33%","6.31MB / 4.57MB","157GB / 34.7GB","108"
"2026-07-31T12:59:39.8736716Z","performance_03","dc3ae6023b26","152.78%","3.454GiB","7.612GiB","45.37%","6.31MB / 4.57MB","157GB / 34.7GB","108"
"2026-07-31T12:59:41.9042343Z","performance_03","dc3ae6023b26","152.40%","3.452GiB","7.612GiB","45.35%","6.32MB / 4.58MB","157GB / 34.7GB","108"
"2026-07-31T12:59:44.9090938Z","performance_03","dc3ae6023b26","149.69%","3.458GiB","7.612GiB","45.42%","6.32MB / 4.58MB","157GB / 34.7GB","108"
"2026-07-31T12:59:46.9389641Z","performance_03","dc3ae6023b26","151.64%","3.451GiB","7.612GiB","45.33%","6.32MB / 4.58MB","158GB / 34.7GB","108"
"2026-07-31T12:59:48.9687742Z","performance_03","dc3ae6023b26","151.66%","3.454GiB","7.612GiB","45.38%","6.32MB / 4.58MB","158GB / 34.7GB","108"
"2026-07-31T12:59:50.9998375Z","performance_03","dc3ae6023b26","158.27%","3.451GiB","7.612GiB","45.33%","6.32MB / 4.58MB","158GB / 34.7GB","108"
"2026-07-31T12:59:54.0059906Z","performance_03","dc3ae6023b26","155.02%","3.457GiB","7.612GiB","45.42%","6.32MB / 4.58MB","158GB / 34.7GB","108"
"2026-07-31T12:59:56.0383549Z","performance_03","dc3ae6023b26","151.31%","3.45GiB","7.612GiB","45.32%","6.32MB / 4.58MB","158GB / 34.7GB","108"
"2026-07-31T12:59:58.0697367Z","performance_03","dc3ae6023b26","153.65%","3.45GiB","7.612GiB","45.33%","6.32MB / 4.58MB","158GB / 34.7GB","108"
"2026-07-31T13:00:00.1063939Z","performance_03","dc3ae6023b26","160.14%","3.45GiB","7.612GiB","45.32%","6.32MB / 4.58MB","158GB / 34.7GB","108"
"2026-07-31T13:00:03.1330481Z","performance_03","dc3ae6023b26","154.85%","3.451GiB","7.612GiB","45.33%","6.33MB / 4.59MB","158GB / 34.7GB","108"
"2026-07-31T13:00:05.1621859Z","performance_03","dc3ae6023b26","157.61%","3.456GiB","7.612GiB","45.40%","6.33MB / 4.59MB","158GB / 34.7GB","108"
"2026-07-31T13:00:07.1941285Z","performance_03","dc3ae6023b26","155.24%","3.451GiB","7.612GiB","45.33%","6.33MB / 4.59MB","158GB / 34.7GB","108"
"2026-07-31T13:00:09.2240232Z","performance_03","dc3ae6023b26","151.49%","3.45GiB","7.612GiB","45.32%","6.33MB / 4.59MB","158GB / 34.7GB","108"
"2026-07-31T13:00:11.2538772Z","performance_03","dc3ae6023b26","158.93%","3.458GiB","7.612GiB","45.43%","6.33MB / 4.59MB","158GB / 34.7GB","108"
"2026-07-31T13:00:14.2604744Z","performance_03","dc3ae6023b26","159.10%","3.451GiB","7.612GiB","45.34%","6.33MB / 4.59MB","158GB / 34.7GB","108"
"2026-07-31T13:00:16.2897060Z","performance_03","dc3ae6023b26","161.47%","3.456GiB","7.612GiB","45.40%","6.33MB / 4.59MB","158GB / 34.7GB","108"
"2026-07-31T13:00:18.3203755Z","performance_03","dc3ae6023b26","167.99%","3.451GiB","7.612GiB","45.33%","6.33MB / 4.59MB","158GB / 34.7GB","108"
"2026-07-31T13:00:20.3519326Z","performance_03","dc3ae6023b26","160.59%","3.457GiB","7.612GiB","45.42%","6.33MB / 4.59MB","158GB / 34.7GB","108"
"2026-07-31T13:00:23.3578370Z","performance_03","dc3ae6023b26","161.42%","3.451GiB","7.612GiB","45.33%","6.34MB / 4.6MB","158GB / 34.7GB","108"
"2026-07-31T13:00:25.3897542Z","performance_03","dc3ae6023b26","165.09%","3.457GiB","7.612GiB","45.41%","6.34MB / 4.6MB","158GB / 34.7GB","108"
"2026-07-31T13:00:27.4186200Z","performance_03","dc3ae6023b26","166.25%","3.451GiB","7.612GiB","45.33%","6.34MB / 4.6MB","159GB / 34.7GB","108"
"2026-07-31T13:00:29.4476908Z","performance_03","dc3ae6023b26","167.35%","3.456GiB","7.612GiB","45.39%","6.34MB / 4.6MB","159GB / 34.7GB","108"
"2026-07-31T13:00:31.4788218Z","performance_03","dc3ae6023b26","167.92%","3.454GiB","7.612GiB","45.38%","6.34MB / 4.6MB","159GB / 34.7GB","108"
"2026-07-31T13:00:34.4831323Z","performance_03","dc3ae6023b26","166.42%","3.451GiB","7.612GiB","45.33%","6.34MB / 4.6MB","159GB / 34.7GB","108"
"2026-07-31T13:00:36.5130015Z","performance_03","dc3ae6023b26","167.31%","3.453GiB","7.612GiB","45.36%","6.34MB / 4.6MB","159GB / 34.7GB","108"
"2026-07-31T13:00:38.5420368Z","performance_03","dc3ae6023b26","166.22%","3.451GiB","7.612GiB","45.33%","6.34MB / 4.6MB","159GB / 34.7GB","108"
"2026-07-31T13:00:40.5719030Z","performance_03","dc3ae6023b26","173.53%","3.458GiB","7.612GiB","45.43%","6.35MB / 4.61MB","159GB / 34.7GB","108"
"2026-07-31T13:00:43.5775020Z","performance_03","dc3ae6023b26","177.83%","3.451GiB","7.612GiB","45.33%","6.35MB / 4.61MB","159GB / 34.7GB","108"
"2026-07-31T13:00:45.6084776Z","performance_03","dc3ae6023b26","163.72%","3.457GiB","7.612GiB","45.41%","6.35MB / 4.61MB","159GB / 34.7GB","108"
"2026-07-31T13:00:47.6398239Z","performance_03","dc3ae6023b26","169.93%","3.451GiB","7.612GiB","45.34%","6.35MB / 4.61MB","159GB / 34.7GB","108"
"2026-07-31T13:00:49.6699893Z","performance_03","dc3ae6023b26","166.06%","3.454GiB","7.612GiB","45.38%","6.35MB / 4.61MB","159GB / 34.7GB","108"
"2026-07-31T13:00:51.7001001Z","performance_03","dc3ae6023b26","164.99%","3.453GiB","7.612GiB","45.37%","6.35MB / 4.61MB","159GB / 34.7GB","108"
"2026-07-31T13:00:54.7050265Z","performance_03","dc3ae6023b26","169.51%","3.457GiB","7.612GiB","45.41%","6.35MB / 4.61MB","159GB / 34.7GB","108"
"2026-07-31T13:00:56.7351666Z","performance_03","dc3ae6023b26","166.92%","3.451GiB","7.612GiB","45.34%","6.35MB / 4.61MB","159GB / 34.7GB","108"
"2026-07-31T13:00:58.7654432Z","performance_03","dc3ae6023b26","168.80%","3.453GiB","7.612GiB","45.35%","6.36MB / 4.62MB","159GB / 34.7GB","108"
"2026-07-31T13:01:00.7966803Z","performance_03","dc3ae6023b26","167.81%","3.451GiB","7.612GiB","45.34%","6.36MB / 4.62MB","159GB / 34.7GB","108"
"2026-07-31T13:01:03.8037697Z","performance_03","dc3ae6023b26","171.27%","3.457GiB","7.612GiB","45.41%","6.36MB / 4.62MB","159GB / 34.7GB","108"
"2026-07-31T13:01:05.8329870Z","performance_03","dc3ae6023b26","171.32%","3.451GiB","7.612GiB","45.34%","6.36MB / 4.62MB","159GB / 34.7GB","108"
"2026-07-31T13:01:07.8632933Z","performance_03","dc3ae6023b26","170.12%","3.454GiB","7.612GiB","45.38%","6.36MB / 4.62MB","160GB / 34.7GB","108"
"2026-07-31T13:01:09.8958397Z","performance_03","dc3ae6023b26","174.00%","3.451GiB","7.612GiB","45.33%","6.36MB / 4.62MB","160GB / 34.7GB","108"
"2026-07-31T13:01:11.9257574Z","performance_03","dc3ae6023b26","173.55%","3.452GiB","7.612GiB","45.34%","6.36MB / 4.62MB","160GB / 34.7GB","108"
"2026-07-31T13:01:14.9304359Z","performance_03","dc3ae6023b26","174.51%","3.454GiB","7.612GiB","45.37%","6.36MB / 4.62MB","160GB / 34.7GB","108"
"2026-07-31T13:01:16.9609243Z","performance_03","dc3ae6023b26","164.40%","3.451GiB","7.612GiB","45.33%","6.37MB / 4.63MB","160GB / 34.7GB","108"
"2026-07-31T13:01:18.9935914Z","performance_03","dc3ae6023b26","168.06%","3.452GiB","7.612GiB","45.34%","6.37MB / 4.63MB","160GB / 34.7GB","108"
"2026-07-31T13:01:21.0231366Z","performance_03","dc3ae6023b26","168.22%","3.45GiB","7.612GiB","45.31%","6.37MB / 4.63MB","160GB / 34.7GB","108"
"2026-07-31T13:01:24.0261365Z","performance_03","dc3ae6023b26","170.61%","3.459GiB","7.612GiB","45.44%","6.37MB / 4.63MB","160GB / 34.7GB","108"
"2026-07-31T13:01:26.0549813Z","performance_03","dc3ae6023b26","169.10%","3.452GiB","7.612GiB","45.35%","6.37MB / 4.63MB","160GB / 34.7GB","108"
"2026-07-31T13:01:28.0858522Z","performance_03","dc3ae6023b26","170.83%","3.46GiB","7.612GiB","45.45%","6.37MB / 4.63MB","160GB / 34.7GB","108"
"2026-07-31T13:01:30.1151562Z","performance_03","dc3ae6023b26","169.12%","3.464GiB","7.612GiB","45.51%","6.37MB / 4.63MB","160GB / 34.7GB","108"
"2026-07-31T13:01:33.1187141Z","performance_03","dc3ae6023b26","170.55%","3.452GiB","7.612GiB","45.35%","6.37MB / 4.63MB","160GB / 34.7GB","108"
"2026-07-31T13:01:35.1489042Z","performance_03","dc3ae6023b26","171.53%","3.457GiB","7.612GiB","45.41%","6.38MB / 4.64MB","160GB / 34.7GB","108"
"2026-07-31T13:01:37.1784092Z","performance_03","dc3ae6023b26","173.43%","3.451GiB","7.612GiB","45.33%","6.38MB / 4.64MB","160GB / 34.7GB","108"
"2026-07-31T13:01:39.2070323Z","performance_03","dc3ae6023b26","169.93%","3.453GiB","7.612GiB","45.36%","6.38MB / 4.64MB","160GB / 34.7GB","108"
"2026-07-31T13:01:41.2358183Z","performance_03","dc3ae6023b26","170.84%","3.451GiB","7.612GiB","45.33%","6.38MB / 4.64MB","160GB / 34.7GB","108"
"2026-07-31T13:01:44.2413629Z","performance_03","dc3ae6023b26","172.93%","3.46GiB","7.612GiB","45.45%","6.38MB / 4.64MB","160GB / 34.7GB","108"
"2026-07-31T13:01:46.2730214Z","performance_03","dc3ae6023b26","170.01%","3.454GiB","7.612GiB","45.37%","6.38MB / 4.64MB","160GB / 34.7GB","108"
"2026-07-31T13:01:48.3029588Z","performance_03","dc3ae6023b26","171.04%","3.455GiB","7.612GiB","45.39%","6.38MB / 4.64MB","161GB / 34.7GB","108"
"2026-07-31T13:01:50.3324058Z","performance_03","dc3ae6023b26","176.15%","3.454GiB","7.612GiB","45.38%","6.38MB / 4.64MB","161GB / 34.7GB","108"
"2026-07-31T13:01:53.3383709Z","performance_03","dc3ae6023b26","195.24%","3.451GiB","7.612GiB","45.33%","6.38MB / 4.64MB","161GB / 34.7GB","108"
"2026-07-31T13:01:55.3710370Z","performance_03","dc3ae6023b26","167.25%","3.456GiB","7.612GiB","45.40%","6.39MB / 4.65MB","161GB / 34.7GB","108"
"2026-07-31T13:01:57.4017717Z","performance_03","dc3ae6023b26","172.25%","3.449GiB","7.612GiB","45.30%","6.39MB / 4.65MB","161GB / 34.7GB","108"
"2026-07-31T13:01:59.4334884Z","performance_03","dc3ae6023b26","165.28%","3.454GiB","7.612GiB","45.37%","6.39MB / 4.65MB","161GB / 34.7GB","108"
"2026-07-31T13:02:01.4658640Z","performance_03","dc3ae6023b26","162.88%","3.451GiB","7.612GiB","45.34%","6.39MB / 4.65MB","161GB / 34.7GB","108"
"2026-07-31T13:02:04.4702972Z","performance_03","dc3ae6023b26","166.93%","3.456GiB","7.612GiB","45.40%","6.39MB / 4.65MB","161GB / 34.7GB","108"
"2026-07-31T13:02:06.4997763Z","performance_03","dc3ae6023b26","163.56%","3.448GiB","7.612GiB","45.30%","6.39MB / 4.65MB","161GB / 34.7GB","108"
"2026-07-31T13:02:08.5309044Z","performance_03","dc3ae6023b26","164.97%","3.454GiB","7.612GiB","45.37%","6.39MB / 4.65MB","161GB / 34.7GB","108"
"2026-07-31T13:02:10.5635562Z","performance_03","dc3ae6023b26","165.31%","3.453GiB","7.612GiB","45.36%","6.39MB / 4.65MB","161GB / 34.7GB","108"
"2026-07-31T13:02:13.5667194Z","performance_03","dc3ae6023b26","164.91%","3.449GiB","7.612GiB","45.30%","6.4MB / 4.66MB","161GB / 34.7GB","108"
"2026-07-31T13:02:15.5961558Z","performance_03","dc3ae6023b26","164.68%","3.453GiB","7.612GiB","45.36%","6.4MB / 4.66MB","161GB / 34.7GB","108"
"2026-07-31T13:02:17.6260470Z","performance_03","dc3ae6023b26","165.06%","3.449GiB","7.612GiB","45.31%","6.4MB / 4.66MB","161GB / 34.7GB","108"
"2026-07-31T13:02:19.6573383Z","performance_03","dc3ae6023b26","169.48%","3.45GiB","7.612GiB","45.32%","6.4MB / 4.66MB","161GB / 34.7GB","108"
"2026-07-31T13:02:21.6886135Z","performance_03","dc3ae6023b26","163.15%","3.449GiB","7.612GiB","45.30%","6.4MB / 4.66MB","161GB / 34.7GB","108"
"2026-07-31T13:02:24.6950019Z","performance_03","dc3ae6023b26","165.42%","3.456GiB","7.612GiB","45.39%","6.4MB / 4.66MB","161GB / 34.7GB","108"
"2026-07-31T13:02:26.7236615Z","performance_03","dc3ae6023b26","162.62%","3.448GiB","7.612GiB","45.30%","6.4MB / 4.66MB","161GB / 34.7GB","108"
"2026-07-31T13:02:28.7531554Z","performance_03","dc3ae6023b26","167.52%","3.454GiB","7.612GiB","45.37%","6.4MB / 4.66MB","162GB / 34.7GB","108"
"2026-07-31T13:02:30.7851253Z","performance_03","dc3ae6023b26","159.14%","3.452GiB","7.612GiB","45.35%","6.41MB / 4.67MB","162GB / 34.7GB","108"
"2026-07-31T13:02:33.7909541Z","performance_03","dc3ae6023b26","154.19%","3.449GiB","7.612GiB","45.30%","6.41MB / 4.67MB","162GB / 34.7GB","108"
"2026-07-31T13:02:35.8216049Z","performance_03","dc3ae6023b26","149.91%","3.452GiB","7.612GiB","45.34%","6.41MB / 4.67MB","162GB / 34.7GB","108"
"2026-07-31T13:02:37.8509470Z","performance_03","dc3ae6023b26","144.74%","3.448GiB","7.612GiB","45.30%","6.41MB / 4.67MB","162GB / 34.7GB","108"
"2026-07-31T13:02:39.8824597Z","performance_03","dc3ae6023b26","145.17%","3.45GiB","7.612GiB","45.32%","6.41MB / 4.67MB","162GB / 34.7GB","108"
"2026-07-31T13:02:41.9122641Z","performance_03","dc3ae6023b26","142.51%","3.449GiB","7.612GiB","45.30%","6.41MB / 4.67MB","162GB / 34.7GB","108"
"2026-07-31T13:02:44.9172671Z","performance_03","dc3ae6023b26","140.51%","3.452GiB","7.612GiB","45.35%","6.41MB / 4.67MB","162GB / 34.7GB","108"
"2026-07-31T13:02:46.9464082Z","performance_03","dc3ae6023b26","139.92%","3.449GiB","7.612GiB","45.31%","6.41MB / 4.67MB","162GB / 34.7GB","108"
"2026-07-31T13:02:48.9746085Z","performance_03","dc3ae6023b26","137.02%","3.449GiB","7.612GiB","45.31%","6.42MB / 4.68MB","162GB / 34.7GB","108"
"2026-07-31T13:02:51.0050355Z","performance_03","dc3ae6023b26","135.52%","3.448GiB","7.612GiB","45.30%","6.42MB / 4.68MB","162GB / 34.7GB","108"
"2026-07-31T13:02:54.0092007Z","performance_03","dc3ae6023b26","135.10%","3.454GiB","7.612GiB","45.37%","6.42MB / 4.68MB","162GB / 34.7GB","108"
"2026-07-31T13:02:56.0387153Z","performance_03","dc3ae6023b26","134.58%","3.449GiB","7.612GiB","45.30%","6.42MB / 4.68MB","162GB / 34.7GB","108"
"2026-07-31T13:02:58.0696523Z","performance_03","dc3ae6023b26","133.30%","3.454GiB","7.612GiB","45.37%","6.42MB / 4.68MB","162GB / 34.7GB","108"
"2026-07-31T13:03:00.0978668Z","performance_03","dc3ae6023b26","133.53%","3.452GiB","7.612GiB","45.35%","6.42MB / 4.68MB","162GB / 34.7GB","108"
"2026-07-31T13:03:03.1186940Z","performance_03","dc3ae6023b26","120.76%","3.448GiB","7.612GiB","45.30%","6.42MB / 4.68MB","162GB / 34.7GB","108"
"2026-07-31T13:03:05.1471767Z","performance_03","dc3ae6023b26","110.52%","3.451GiB","7.612GiB","45.34%","6.42MB / 4.68MB","162GB / 34.7GB","108"
"2026-07-31T13:03:07.1794080Z","performance_03","dc3ae6023b26","110.88%","3.45GiB","7.612GiB","45.31%","6.42MB / 4.68MB","162GB / 34.7GB","108"
"2026-07-31T13:03:09.2079540Z","performance_03","dc3ae6023b26","109.77%","3.433GiB","7.612GiB","45.10%","6.43MB / 4.69MB","162GB / 34.7GB","107"
"2026-07-31T13:03:11.2416515Z","performance_03","dc3ae6023b26","110.96%","3.434GiB","7.612GiB","45.11%","6.43MB / 4.69MB","162GB / 34.7GB","107"
"2026-07-31T13:03:14.2443726Z","performance_03","dc3ae6023b26","109.33%","3.321GiB","7.612GiB","43.63%","6.43MB / 4.69MB","162GB / 34.7GB","96"
"2026-07-31T13:03:16.2739219Z","performance_03","dc3ae6023b26","18.09%","2.558GiB","7.612GiB","33.60%","6.43MB / 4.69MB","162GB / 34.7GB","33"
"2026-07-31T13:03:18.3091209Z","performance_03","dc3ae6023b26","205.52%","2.589GiB","7.612GiB","34.02%","6.43MB / 4.69MB","162GB / 34.7GB","52"
