timestamp_sensor,timestamp_wall_utc,frame_index,kdtree_size_before,kdtree_size_after,points_added,points_deleted,scan_points_raw,scan_points_downsampled,effective_feature_points,nearest_search_ms,scan_match_ms,ekf_update_ms,map_insert_ms,map_delete_ms,map_update_ms,total_frame_ms,lidar_buffer_size,imu_buffer_size
1658137038.624750853,1785481583.383591890,1,62,106,99,0,72000,107,92,0.000000000,0.293430998,0.394267001,0.243668999,0.000515000,0.244183999,1.850368000,0,17
1658137038.724840641,1785481583.608914852,2,106,151,87,0,72000,151,131,0.000000000,0.250125002,0.352308001,0.087280001,0.000762000,0.088042001,2.170240999,0,23
1658137038.824929476,1785481583.809149504,3,151,199,89,0,72000,219,175,0.000000000,0.232224000,0.343844998,0.075649001,0.001389999,0.077039000,2.362126999,0,18
1658137038.924761057,1785481583.984788179,4,199,212,90,0,72000,231,174,0.000000000,0.254228000,0.373101000,0.129463999,0.000616999,0.130080998,2.832934000,0,17
1658137039.024845600,1785481584.208561897,5,212,241,53,0,72000,172,141,0.000000000,0.350533999,0.497087000,0.063534000,0.000796999,0.064331000,1.751445001,0,10
1658137039.124808073,1785481584.409943819,6,241,303,127,0,72000,293,213,0.000000000,0.496036000,0.634855000,0.143478999,0.000814000,0.144292999,3.113450999,0,17
1658137039.224895239,1785481584.584438086,7,303,358,112,0,72000,332,229,0.000000000,0.381063002,0.516761000,0.136277000,0.000716002,0.136993001,2.634867000,0,11
1658137039.324856758,1785481584.784235001,8,358,370,18,0,72000,77,77,0.000000000,0.140702001,0.232271001,0.021459000,0.000655000,0.022114000,0.772892001,0,18
1658137039.424824715,1785481584.983633757,9,370,374,107,0,72000,271,204,0.000000000,0.526920003,0.651715000,0.198148000,0.000583999,0.198731999,1.785638000,0,18
1658137039.524910688,1785481585.183020115,10,374,406,56,0,72000,223,184,0.000000000,0.292975998,0.406365001,0.056225001,0.000672000,0.056897001,1.166911999,0,11
1658137039.624746561,1785481585.410218239,11,406,513,178,0,72000,438,309,0.000000000,0.525475001,0.676694001,0.220791000,0.000591999,0.221382999,3.334397001,0,20
1658137039.724836588,1785481585.609752178,12,513,568,219,0,72000,525,341,0.000000000,0.502478999,0.657484999,0.308331000,0.000761000,0.309092000,2.891615000,0,26
1658137039.824910402,1785481585.784032822,13,568,615,94,0,72000,404,235,0.000000000,0.735588002,0.893707998,0.119540000,0.000562999,0.120102999,2.014406000,0,18
1658137039.924752235,1785481585.983554363,14,615,683,105,0,72000,379,215,0.000000000,0.371692000,0.497838000,0.119023001,0.000628999,0.119652001,1.682460999,0,12
1658137040.024843931,1785481586.183541775,15,683,732,149,0,72000,441,268,0.000000000,0.510856000,0.648748999,0.187488999,0.000520000,0.188008999,1.620520001,0,20
1658137040.124804497,1785481586.383797169,16,732,769,154,0,72000,499,293,0.000000000,0.589839998,0.744429000,0.230141999,0.000644000,0.230786000,1.900255000,0,20
1658137040.224885464,1785481586.583259583,17,769,838,161,0,72000,358,212,0.000000000,0.433446998,0.560798000,0.229343999,0.000548000,0.229891999,1.405645000,0,21
1658137040.324917316,1785481586.785491705,18,838,974,361,0,72000,639,446,0.000000000,1.018739997,1.413016000,0.883978000,0.000632999,0.884610999,3.603113000,0,17
1658137040.424757481,1785481586.985829830,19,974,1132,323,0,72000,716,488,0.000000000,1.147711002,1.351044000,1.168823999,0.000505001,1.169329000,3.839903000,0,17
1658137040.524852276,1785481587.209789038,20,1132,1169,159,0,72000,585,343,0.000000000,1.187760998,1.395000001,0.321653000,0.000638000,0.322291000,2.800090000,0,21
1658137040.624824524,1785481587.384586334,21,1169,1191,148,0,72000,732,465,0.000000000,0.980564002,1.177152000,0.239582001,0.000877999,0.240460000,2.631258001,0,22
1658137040.724930048,1785481587.583461046,22,1191,1260,101,0,72000,438,285,0.000000000,0.507117002,0.650960001,0.107042000,0.000677999,0.107720000,1.415649000,0,17
1658137040.824769497,1785481587.783900499,23,1260,1325,140,0,72000,529,305,0.000000000,0.814785002,0.986401001,0.248259999,0.000632001,0.248892000,1.915512001,0,17
1658137040.924866199,1785481587.983547449,24,1325,1398,115,0,72000,527,316,0.000000000,0.700021001,0.850255999,0.135356000,0.000599000,0.135955001,1.581905000,0,18
1658137041.024715185,1785481588.210115910,25,1398,1517,227,0,72000,781,486,0.000000000,1.327656000,1.525874000,0.613322001,0.000833001,0.614155002,3.109460000,0,18
1658137041.124927521,1785481588.383268595,26,1517,1548,115,0,72000,326,161,0.000000000,0.653239000,0.764889000,0.160554000,0.000499000,0.161053000,1.286094001,0,8
1658137041.224772692,1785481588.608990192,27,1548,1632,172,0,72000,683,394,0.000000000,0.856093004,1.031004000,0.233246001,0.000716000,0.233962000,1.969425999,0,19
1658137041.324922085,1785481588.785240412,28,1632,1709,219,0,72000,721,426,0.000000000,1.167167000,1.407092001,0.952290000,0.000538999,0.952828999,3.210282999,0,12
1658137041.424759150,1785481588.985652685,29,1709,1852,293,0,72000,959,581,0.000000000,1.634908998,1.882952000,0.818208000,0.000518001,0.818726001,3.633114000,0,14
1658137041.524841309,1785481589.211138248,30,1852,1999,315,0,72000,1087,689,0.000000000,1.577772000,1.987617001,0.943798001,0.000691000,0.944489000,4.110714000,0,18
1658137041.624929428,1785481589.386125326,31,1999,2171,328,0,72000,967,636,0.000000000,1.389479001,1.626059000,0.439371001,0.000788001,0.440159001,3.015349001,0,23
1658137041.724767923,1785481589.608094454,32,2171,2219,77,0,72000,329,128,0.000000000,0.416178998,0.525116000,0.091640000,0.000504000,0.092144001,1.000876000,0,21
1658137041.824869633,1785481589.784214973,33,2219,2337,212,0,72000,731,407,0.000000000,1.105207000,1.302078001,0.250577999,0.000559001,0.251137000,2.148198999,0,10
1658137041.924714327,1785481589.985962152,34,2337,2523,340,0,72000,1327,809,0.000000000,1.778557000,2.072200999,0.487922000,0.000710999,0.488632999,3.898130000,0,15
1658137042.024935007,1785481590.209656239,35,2523,2552,246,0,72000,973,611,0.000000000,1.106369000,1.373359000,0.432695999,0.000533000,0.433228999,2.558450000,0,18
1658137042.124760151,1785481590.383979321,36,2552,2633,128,0,72000,623,355,0.000000000,0.873278999,1.058143000,0.192623000,0.000745000,0.193368000,1.866044000,0,13
1658137042.224861860,1785481590.586091757,37,2633,2742,204,0,72000,815,565,0.000000000,2.050087000,2.457473000,0.771212000,0.000505001,0.771717001,3.983560000,0,18
1658137042.324903250,1785481590.786734104,38,2742,2812,472,0,72000,1704,1152,0.000000000,2.158489997,2.536481999,0.846351000,0.000518001,0.846869001,4.606597000,0,18
1658137042.424739361,1785481590.983322859,39,2812,2861,79,0,72000,372,207,0.000000000,0.463845001,0.588097000,0.096152000,0.000571999,0.096723999,1.056366000,0,19
1658137042.524814606,1785481591.190298080,40,2861,3044,292,0,72000,1139,747,0.000000000,3.855028001,5.133700000,1.626621000,0.000636999,1.627258000,8.137719000,0,8
1658137042.624909639,1785481591.388096809,41,3044,3181,270,0,72000,1380,971,0.000000000,3.513610998,4.123479999,0.888467999,0.000536000,0.889003999,5.989878999,0,12
1658137042.724750757,1785481591.611604929,42,3181,3330,446,0,72000,1602,1114,0.000000000,2.244271001,2.650069000,0.643726000,0.000705000,0.644431000,4.427794000,0,19
1658137042.824854851,1785481591.811573267,43,3330,3375,386,0,72000,1562,1104,0.000000000,2.196280999,2.580098999,0.766179000,0.000783000,0.766962001,4.421922000,0,18
1658137042.924814939,1785481592.010283709,44,3375,3423,262,0,72000,1227,824,0.000000000,1.367412000,1.654135000,0.446767001,0.000791999,0.447558999,3.084987000,0,17
1658137043.024902582,1785481592.216361284,45,3423,3626,440,0,72000,1649,1135,0.000000000,4.828310999,6.003365999,1.468427001,0.000718999,1.469146000,9.119116999,0,21
1658137043.124729633,1785481592.385009050,46,3626,3761,225,0,72000,1291,941,0.000000000,1.403199001,1.730498001,0.276747000,0.000723001,0.277470001,2.846265999,0,17
1658137043.224834442,1785481592.612248182,47,3761,3961,522,0,72000,2191,1532,0.000000000,2.475065998,2.987436001,0.697673000,0.000504000,0.698177000,5.053419001,0,19
1658137043.324897289,1785481592.787528515,48,3961,4071,238,0,72000,1322,899,0.000000000,3.432082000,3.977977000,0.433659001,0.000674001,0.434333002,5.245633001,0,18
1658137043.424738884,1785481593.011568069,49,4071,4170,309,0,72000,1621,1007,0.000000000,2.011871002,2.491863001,0.807109000,0.000708000,0.807816999,4.284075001,0,18
1658137043.524831533,1785481593.186189890,50,4170,4281,367,0,72000,1764,1174,0.000000000,2.037973001,2.425955001,0.606694000,0.000819999,0.607513999,3.987190001,0,19
1658137043.624813080,1785481593.391567945,51,4281,4395,281,0,72000,1397,890,0.000000000,5.265371999,6.395875000,1.850322000,0.000536000,1.850858000,9.332088999,0,18
1658137043.724911451,1785481593.589187860,52,4395,4466,412,0,72000,2282,1565,0.000000000,3.002030000,3.489627999,1.054453000,0.000630000,1.055082999,6.450364001,0,18
1658137043.824754000,1785481593.790903330,53,4466,4568,400,0,72000,2014,1322,0.000000000,4.582126001,5.450429000,1.755568999,0.000644000,1.756213000,8.677158999,0,18
1658137043.924834490,1785481593.987547398,54,4568,4798,338,0,72000,1856,1154,0.000000000,3.248568999,3.759196999,0.390191000,0.000683000,0.390874000,5.292233000,0,18
1658137044.024915218,1785481594.214011431,55,4798,4874,508,0,72000,2227,1425,0.000000000,3.007699999,3.648186001,1.809339999,0.000541000,1.809881000,6.744601000,0,21
1658137044.124754429,1785481594.415647507,56,4874,4992,224,0,72000,1658,1130,0.000000000,5.342540000,6.421066999,0.628084999,0.000608999,0.628693999,8.387141001,0,18
1658137044.224855900,1785481594.587196589,57,4992,5072,249,0,72000,1629,1022,0.000000000,2.579884002,3.185617001,0.858208999,0.000519000,0.858727999,4.940846000,0,17
1658137044.324722767,1785481594.811835766,58,5072,5301,417,0,72000,2099,1262,0.000000000,2.511929999,2.963397001,0.514781999,0.000592001,0.515374000,4.515384000,0,14
1658137044.424809933,1785481595.015918732,59,5301,5270,304,0,72000,1983,1335,0.000000000,5.429778999,6.184333000,1.262396001,0.000517999,1.262914000,8.625843000,0,18
1658137044.524908304,1785481595.188962221,60,5270,5305,197,0,72000,1408,972,0.000000000,3.828791003,4.697863000,1.027898001,0.000544000,1.028442000,6.665532999,0,21
1658137044.624745369,1785481595.388302803,61,5305,5391,262,0,72000,2137,1408,0.000000000,3.145413999,3.768897999,0.939637001,0.000506001,0.940143002,5.957454001,0,15
1658137044.724828005,1785481595.585837364,62,5391,5459,112,0,72000,899,609,0.000000000,1.972325001,2.441249000,0.391568999,0.000652999,0.392221998,3.513902000,0,17
1658137044.824914217,1785481595.787756205,63,5459,5630,262,0,72000,2101,1327,0.000000000,3.245872002,3.837464001,0.455286001,0.000734000,0.456020001,5.453393998,0,18
1658137044.924751520,1785481595.986967802,64,5630,5680,163,0,72000,1625,1092,0.000000000,1.767038999,2.140467001,0.234345000,0.000558000,0.234903000,3.180181000,0,14
1658137045.024842262,1785481596.187763214,65,5680,5741,241,0,72000,2164,1377,0.000000000,3.433761000,3.950536000,0.387057999,0.000552000,0.387609998,5.441673000,0,18
1658137045.124812603,1785481596.391225576,66,5741,5832,231,0,72000,2635,1809,0.000000000,5.543294003,7.017244001,0.358169000,0.000714999,0.358883999,8.893247001,0,14
1658137045.224906206,1785481596.588414669,67,5832,5901,258,0,72000,2399,1519,0.000000000,3.215106000,3.821581000,0.715892000,0.000836000,0.716728000,6.037286001,0,9
1658137045.324811935,1785481596.788460255,68,5901,5946,269,0,72000,2311,1438,0.000000000,3.154814000,3.639126000,1.225315000,0.000664000,1.225979000,5.994686000,0,20
1658137045.424908876,1785481596.988057375,69,5946,5946,289,0,72000,2931,1836,0.000000000,2.997610000,3.603128000,0.517958999,0.000730999,0.518689998,5.688380999,0,11
1658137045.524744749,1785481597.215294361,70,5946,6056,281,0,72000,2922,1990,0.000000000,5.561038999,6.937050999,0.734998999,0.000875001,0.735874000,10.072681000,0,21
1658137045.624825001,1785481597.388470411,71,6056,6098,284,0,72000,3239,2118,0.000000000,3.826279999,4.892760000,0.946659999,0.000571999,0.947231998,8.151288001,0,17
1658137045.724925041,1785481597.586011887,72,6098,6138,139,0,72000,1792,1230,0.000000000,3.311205999,4.110364001,0.612782000,0.000849999,0.613631999,5.819559001,0,16
1658137045.824766636,1785481597.787076950,73,6138,6154,214,0,72000,2670,1723,0.000000000,4.195389000,4.734791000,0.382231001,0.000544000,0.382775001,6.759693000,0,17
1658137045.924854279,1785481597.983670712,74,6154,6164,133,0,72000,1778,999,0.000000000,1.904127001,2.244846000,0.349079000,0.000604001,0.349683001,3.478140001,0,17
1658137046.024812460,1785481598.185881376,75,6164,6233,119,0,72000,1934,1264,0.000000000,3.871140998,4.514051001,0.174443001,0.000574999,0.175018000,5.659704000,0,4
1658137046.124892235,1785481598.384633541,76,6233,6289,152,0,72000,2025,1156,0.000000000,2.775846002,3.197119000,0.230767000,0.000706001,0.231473001,4.413629000,0,17
1658137046.224743366,1785481598.585921049,77,6289,6349,163,0,72000,2504,1644,0.000000000,3.278197999,3.945873999,0.288357000,0.000885000,0.289242000,5.550108999,0,18
1658137046.324901819,1785481598.786195755,78,6349,6405,139,0,72000,2104,1439,0.000000000,3.807383000,4.383101999,0.319017001,0.000760001,0.319777002,5.865143999,0,18
1658137046.424740314,1785481599.008319139,79,6405,6412,80,0,72000,1366,816,0.000000000,1.528379000,1.899997000,0.284177000,0.000565000,0.284742000,3.082503999,0,26
1658137046.524826288,1785481599.184885025,80,6412,6440,79,0,72000,1402,849,0.000000000,3.324628000,3.741627999,0.133333000,0.000672000,0.134005000,4.630877000,0,21
1658137046.624917030,1785481599.384993315,81,6440,6466,154,0,72000,2042,1226,0.000000000,2.774543002,3.172376999,0.293659999,0.000780999,0.294440999,4.737228001,0,18
1658137046.724752903,1785481599.588173151,82,6466,6449,84,0,72000,1504,979,0.000000000,5.017296000,6.392958001,0.496547000,0.000546999,0.497093999,7.910257000,0,18
1658137046.824845552,1785481599.784383535,83,6449,6454,146,0,72000,1507,961,0.000000000,2.254808000,2.857643001,0.326559999,0.000743999,0.327303998,4.093971000,0,17
1658137046.924805880,1785481599.986008644,84,6454,6429,146,0,72000,2421,1660,0.000000000,3.353028998,4.234337001,0.275454000,0.000590000,0.276044000,5.743796000,0,19
1658137047.024887323,1785481600.184796333,85,6429,6480,109,0,72000,1890,1096,0.000000000,2.955006999,3.329663001,0.172442000,0.000509001,0.172951000,4.497374999,0,17
1658137047.124741316,1785481600.410442829,86,6480,6471,123,0,72000,2110,1297,0.000000000,3.198442999,3.665193000,0.219650999,0.000667000,0.220317999,5.115623000,0,17
1658137047.224823236,1785481600.609731436,87,6471,6468,67,0,72000,1309,868,0.000000000,2.906138003,3.384074000,0.152872000,0.000724000,0.153596000,4.385585999,0,14
1658137047.324852467,1785481600.784490347,88,6468,6494,94,0,72000,1767,1078,0.000000000,2.561939998,3.049519000,0.161356000,0.000543001,0.161899001,4.183908000,0,14
1658137047.424826384,1785481601.009144783,89,6494,6559,116,0,72000,1713,1000,0.000000000,1.858151001,2.369713999,0.424526999,0.000652000,0.425179000,3.830700000,0,23
1658137047.524920464,1785481601.182951450,90,6559,6526,61,0,72000,1162,744,0.000000000,1.603037999,1.879800000,0.126839001,0.000554999,0.127394000,2.606861999,0,20
1658137047.624768496,1785481601.385901451,91,6526,6575,132,0,72000,1778,1172,0.000000000,3.665446999,4.348539998,0.284855001,0.000509001,0.285364002,5.555342001,0,19
1658137047.724868298,1785481601.585417747,92,6575,6550,111,0,72000,2328,1589,0.000000000,3.100719001,3.613024001,0.216554001,0.000737000,0.217291001,5.072845999,0,16
1658137047.824702024,1785481601.784538031,93,6550,6579,119,0,72000,1860,1135,0.000000000,2.616340000,3.005434000,0.212720999,0.000524002,0.213245001,4.127038001,0,6
1658137047.924908876,1785481601.986091375,94,6579,6614,101,0,72000,2392,1545,0.000000000,3.131951002,3.888316000,0.415316999,0.001054999,0.416371999,5.708903000,0,17
1658137048.024775028,1785481602.186318636,95,6614,6653,91,0,72000,2452,1495,0.000000000,3.279848999,4.123281999,0.440174999,0.000676000,0.440850999,5.937495000,0,16
1658137048.124862194,1785481602.410731316,96,6653,6658,110,0,72000,2077,1338,0.000000000,3.503573002,3.953915000,0.201897001,0.000619000,0.202516001,5.156693000,0,17
1658137048.224830151,1785481602.611693621,97,6658,6685,82,0,72000,1886,1165,0.000000000,3.833974000,4.844747000,0.225752001,0.000586999,0.226339000,6.279746000,0,16
1658137048.324729681,1785481602.808964968,98,6685,6716,59,0,72000,1135,671,0.000000000,1.992036001,2.490358002,0.268069000,0.000500999,0.268569998,3.544864001,0,17
1658137048.424820662,1785481602.986075163,99,6716,6669,81,0,72000,1753,975,0.000000000,3.727392997,4.204183999,0.455616000,0.000589000,0.456205000,5.654367000,0,19
1658137048.524917364,1785481603.209645987,100,6669,6679,57,0,72000,928,616,0.000000000,2.078889000,2.703369000,0.507573001,0.000599999,0.508173000,4.147482001,0,14
1658137048.624762058,1785481603.384121895,101,6679,6716,83,0,72000,1701,1025,0.000000000,2.287902000,2.710790999,0.153854000,0.000648000,0.154502000,3.684666000,0,18
1658137048.724851370,1785481603.584516048,102,6716,6752,114,0,72000,2146,1289,0.000000000,2.425056000,2.849162000,0.184856000,0.000552000,0.185408000,4.052141001,0,20
1658137048.824818611,1785481603.786404610,103,6752,6768,124,0,72000,2382,1557,0.000000000,3.825295998,4.482558999,0.208752999,0.000618000,0.209370999,5.939444000,0,8
1658137048.924902916,1785481604.011198521,104,6768,6747,149,0,72000,2422,1515,0.000000000,2.978734001,3.483967999,0.258692000,0.000679000,0.259371000,5.475985001,0,18
1658137049.024749041,1785481604.212093115,105,6747,6625,80,0,72000,1842,1166,0.000000000,3.092882002,3.969701000,1.087563001,0.000587999,1.088151001,6.595012999,0,13
1658137049.124849081,1785481604.412737846,106,6625,6655,100,0,72000,2522,1632,0.000000000,3.944647999,4.852882999,0.651959999,0.000610002,0.652570001,7.229744999,0,17
1658137049.224814177,1785481604.585010767,107,6655,6684,75,0,72000,1840,1111,0.000000000,2.858501000,3.224656000,0.128616999,0.000841999,0.129458998,4.363696000,0,17
1658137049.324838400,1785481604.784879923,108,6684,6714,80,0,72000,1754,1013,0.000000000,3.067126001,3.416230000,0.123993001,0.000824000,0.124817001,4.396209000,0,19
1658137049.424927711,1785481604.986716270,109,6714,6749,79,0,72000,2307,1420,0.000000000,4.281435000,4.879408001,0.123857000,0.000696000,0.124553000,6.224494999,0,19
1658137049.524772406,1785481605.187684059,110,6749,6785,105,0,72000,2535,1598,0.000000000,3.699177001,4.230164999,0.286981000,0.000657001,0.287638000,5.986225000,0,18
1658137049.624854803,1785481605.409944773,111,6785,6779,91,0,72000,1606,1026,0.000000000,2.926189001,3.318900001,0.176980000,0.000552000,0.177532000,4.399554000,0,18
1658137049.724809885,1785481605.587393761,112,6779,6740,133,0,72000,2824,1892,0.000000000,3.119044999,3.700109000,0.462862999,0.000533000,0.463396000,5.582824000,0,17
1658137049.824880838,1785481605.787792921,113,6740,6721,57,0,72000,2220,1397,0.000000000,4.683218001,5.715552999,0.141620001,0.000877000,0.142497001,7.093360000,0,18
1658137049.924723387,1785481605.985111952,114,6721,6694,58,0,72000,1826,1210,0.000000000,2.905280000,3.356707999,0.174598001,0.000582999,0.175181000,4.425543000,0,15
1658137050.024925232,1785481606.209570885,115,6694,6649,79,0,72000,2131,1284,0.000000000,2.409675002,2.819904001,0.194152999,0.000538001,0.194691000,4.012202000,0,3
1658137050.124774218,1785481606.386855125,116,6649,6679,102,0,72000,2844,1831,0.000000000,4.087276999,4.716938000,0.166401000,0.000582999,0.166983998,6.319139000,0,17
1658137050.224860668,1785481606.584044218,117,6679,6699,47,0,72000,1439,861,0.000000000,1.650392001,2.084581000,0.211456001,0.000530999,0.211987001,3.218801001,0,20
1658137050.324713469,1785481606.810421944,118,6699,6645,101,0,72000,2498,1659,0.000000000,2.732738001,3.297929999,0.205881999,0.000578999,0.206460998,4.834461999,0,24
1658137050.424923897,1785481607.009118795,119,6645,6666,41,0,72000,1656,1045,0.000000000,2.224922000,2.576441999,0.078399000,0.000524000,0.078923000,3.492345000,0,17
1658137050.524768591,1785481607.184131145,120,6666,6676,25,0,72000,1149,733,0.000000000,1.859151000,2.247855002,0.137852001,0.000520999,0.138373000,3.304014001,0,13
1658137050.624852180,1785481607.407989979,121,6676,6685,24,0,72000,893,557,0.000000000,1.186318999,1.548687000,0.152843000,0.000517999,0.153360999,2.381202999,0,16
1658137050.724802017,1785481607.585215092,122,6685,6704,68,0,72000,2113,1370,0.000000000,2.989634000,3.463311999,0.117391999,0.000475000,0.117866999,4.614972999,0,18
1658137050.824887276,1785481607.810332060,123,6704,6711,34,0,72000,1312,815,0.000000000,3.075481003,3.726365001,0.109263001,0.000523001,0.109786002,4.684091000,0,19
1658137050.924723625,1785481608.010571718,124,6711,6756,60,0,72000,1964,1240,0.000000000,3.298430000,3.692108001,0.159371000,0.000585000,0.159956000,4.908115001,0,14
1658137051.024813890,1785481608.183587551,125,6756,6749,35,0,72000,1198,640,0.000000000,1.891768001,2.213442000,0.119199000,0.000536000,0.119734999,2.953984000,0,11
1658137051.124901772,1785481608.384242535,126,6749,6763,34,0,72000,1128,698,0.000000000,1.311788999,1.572702000,0.057776000,0.000518001,0.058294001,2.250080001,0,20
1658137051.224734068,1785481608.585915327,127,6763,6784,50,0,72000,2007,1217,0.000000000,3.497624999,4.171655000,0.088542000,0.000720000,0.089261999,5.274871000,0,25
1658137051.324870586,1785481608.784394264,128,6784,6675,48,0,72000,1546,951,0.000000000,1.746115999,2.249669000,0.478256999,0.000704998,0.478961998,3.710715000,0,18
1658137051.424714804,1785481609.010560036,129,6675,6722,87,0,72000,2473,1527,0.000000000,3.031011998,3.533713001,0.129550999,0.000617001,0.130168000,4.872955000,0,20
1658137051.524930954,1785481609.186299562,130,6722,6736,60,0,72000,2505,1656,0.000000000,2.642400999,3.151382001,0.107665001,0.000690001,0.108355001,4.634502999,0,19
1658137051.624763727,1785481609.385164261,131,6736,6751,31,0,72000,1594,1014,0.000000000,3.060640001,3.411168000,0.055043000,0.000540000,0.055582999,4.279466000,0,18
1658137051.724847555,1785481609.586668015,132,6751,6761,35,0,72000,1777,1146,0.000000000,2.358841999,2.862625000,0.109041001,0.000545999,0.109586999,3.841723999,0,18
1658137051.824814320,1785481609.809378147,133,6761,6776,50,0,72000,1578,1048,0.000000000,2.428567001,2.794096999,0.086760001,0.000704000,0.087464001,3.657018999,0,19
1658137051.924902678,1785481609.985265970,134,6776,6801,40,0,72000,2324,1442,0.000000000,2.778108003,3.231211000,0.086417000,0.000747001,0.087164000,4.564613000,0,18
1658137052.024753571,1785481610.285966158,135,6801,6803,35,0,72000,1559,997,0.000000000,3.389936001,4.084393999,0.238698000,0.000553999,0.239251998,5.219144001,0,27
1658137052.124845743,1785481610.410277128,136,6803,6686,18,0,72000,989,596,0.000000000,2.224275000,2.845555999,0.690508999,0.000559001,0.691068000,4.494811001,0,21
1658137052.224801302,1785481610.609725237,137,6550,6592,49,0,72000,1990,1316,0.000000000,2.364596001,2.792789999,0.063494999,0.000594999,0.064089998,3.953847001,0,24
1658137052.324819088,1785481610.784515142,138,6592,6633,68,0,72000,2019,1246,0.000000000,2.213573998,2.624060000,0.112204001,0.000714999,0.112919000,3.747246999,0,17
1658137052.424905539,1785481610.984802008,139,6633,6664,52,0,72000,2065,1250,0.000000000,2.308441000,2.723673999,0.082083001,0.000794000,0.082877001,3.873581001,0,18
1658137052.524747610,1785481611.185837269,140,6664,6699,48,0,72000,1673,1059,0.000000000,3.098575999,3.816087999,0.123521000,0.000562000,0.124083001,5.054266001,0,19
1658137052.624815702,1785481611.383774996,141,6699,6723,33,0,72000,1027,614,0.000000000,1.462586000,2.067153000,0.207580999,0.000508000,0.208088999,2.992860000,0,19
1658137052.724907875,1785481611.588684559,142,6723,6745,46,0,72000,1753,1112,0.000000000,4.450058001,6.062712000,0.246527999,0.000825999,0.247353999,7.899812001,0,20
1658137052.824737072,1785481611.783890963,143,6745,6763,33,0,72000,1316,788,0.000000000,1.843411002,2.257599001,0.074687001,0.000538999,0.075226000,3.070706001,0,17
1658137052.924828529,1785481611.985286236,144,6763,6775,44,0,72000,1565,976,0.000000000,3.157520001,3.555029001,0.097426000,0.000679000,0.098105000,4.458814999,0,17
1658137053.024919033,1785481612.212880611,145,6775,6801,54,0,72000,2016,1247,0.000000000,4.650031000,5.619899001,0.219179999,0.000642000,0.219821999,7.048340000,0,17
1658137053.124773026,1785481612.384695053,146,6801,6824,33,0,72000,1084,758,0.000000000,2.408318001,3.045322999,0.090005999,0.000930999,0.090936997,3.849365001,0,22
1658137053.224861145,1785481612.610875845,147,6824,6832,27,0,72000,1115,730,0.000000000,3.348666001,4.166962000,0.114056000,0.000705999,0.114761999,5.025846001,0,19
1658137053.324820518,1785481612.786805391,148,6832,6823,41,0,72000,1747,1140,0.000000000,4.026063001,4.746692999,0.198775999,0.000520000,0.199295999,5.942042999,0,18
1658137053.424914360,1785481613.009701967,149,6823,6860,54,0,72000,1967,1187,0.000000000,2.330611000,2.735588001,0.081404001,0.000684000,0.082088001,3.824101999,0,17
1658137053.524769068,1785481613.183514118,150,6860,6899,62,0,72000,1290,775,0.000000000,1.602900000,1.898176000,0.101162001,0.000638000,0.101800000,2.636055999,0,19
1658137053.624865532,1785481613.385418415,151,6899,6946,90,0,72000,2056,1293,0.000000000,2.847946000,3.290793000,0.153594001,0.000609001,0.154203002,4.533779998,0,19
1658137053.724712849,1785481613.585936785,152,6946,6992,107,0,72000,2399,1585,0.000000000,3.197410000,3.707825001,0.156008000,0.000642000,0.156650000,5.048668001,0,16
1658137053.824924469,1785481613.785954714,153,6992,6998,45,0,72000,1201,777,0.000000000,3.882621999,4.310221000,0.119884000,0.000463000,0.120347000,5.056296999,0,19
1658137053.924747467,1785481613.983975172,154,6998,7016,41,0,72000,1162,669,0.000000000,1.978779997,2.293959000,0.139391001,0.000565000,0.139956001,3.032198001,0,19
1658137054.024848700,1785481614.187089920,155,7016,7041,75,0,72000,2202,1371,0.000000000,4.070296000,4.707100999,0.124939999,0.001008000,0.125948000,6.171124000,0,19
1658137054.124700069,1785481614.386341572,156,7041,7052,63,0,72000,2311,1481,0.000000000,3.058578002,3.730326000,0.145041000,0.000966000,0.146007000,5.128985000,0,23
1658137054.224913836,1785481614.586094856,157,7052,7098,65,0,72000,2404,1543,0.000000000,3.142728998,3.739557002,0.112505999,0.000763001,0.113268999,5.155334000,0,20
1658137054.324745655,1785481614.784018993,158,7098,7115,23,0,72000,888,502,0.000000000,1.874992000,2.288913000,0.116543000,0.000733000,0.117276000,3.079258999,0,17
1658137054.424837351,1785481614.985397577,159,7115,7123,34,0,72000,1237,740,0.000000000,2.916983001,3.452305000,0.182579000,0.000631000,0.183210001,4.434546001,0,18
1658137054.524818897,1785481615.185079575,160,7123,7144,51,0,72000,1678,1081,0.000000000,2.643240001,3.105727999,0.093274000,0.000530999,0.093805000,4.101248001,0,18
1658137054.624910116,1785481615.383522987,161,7144,7174,53,0,72000,1127,655,0.000000000,1.678913999,1.929346001,0.079090001,0.000535001,0.079625002,2.559773999,0,14
1658137054.724743366,1785481615.586304665,162,7174,7207,84,0,72000,2514,1578,0.000000000,2.829574001,3.328892000,0.125742001,0.000699001,0.126441002,4.696382000,0,17
1658137054.824832201,1785481615.787876606,163,7207,7270,116,0,72000,2107,1325,0.000000000,3.569073999,4.138942999,0.187894000,0.000702999,0.188597000,5.527480002,0,19
1658137054.924925089,1785481615.985894918,164,7270,7269,144,0,72000,2410,1559,0.000000000,2.997936001,3.522326999,0.248509001,0.000910000,0.249419001,4.898043000,0,14
1658137055.024769068,1785481616.213276148,165,7269,7288,116,0,72000,1535,941,0.000000000,4.729083001,5.742315001,0.377959001,0.000683000,0.378642000,7.228094000,0,22
1658137055.124868631,1785481616.385734558,166,7288,7312,172,0,72000,2065,1326,0.000000000,2.519391999,2.948829000,0.253149001,0.000648000,0.253797001,4.450691000,0,24
1658137055.224709272,1785481616.612046242,167,7312,7376,204,0,72000,2607,1693,0.000000000,3.953653999,4.485616000,0.329327000,0.000608001,0.329935001,6.006461001,0,19
1658137055.324908972,1785481616.786042452,168,7376,7388,182,0,72000,2266,1436,0.000000000,3.069389002,3.586985000,0.360739999,0.000891001,0.361631000,5.021703000,0,19
1658137055.424731731,1785481616.986258745,169,7388,7517,235,0,72000,2565,1617,0.000000000,2.768765000,3.267536000,0.331746000,0.000581998,0.332327998,5.085504999,0,15
1658137055.524831057,1785481617.188269615,170,7517,7548,235,0,72000,2412,1583,0.000000000,4.451884002,5.303648000,0.806529000,0.000620999,0.807150000,7.215546000,0,16
1658137055.624917030,1785481617.389283657,171,7548,7642,273,0,72000,2788,1859,0.000000000,4.916890997,6.119964000,0.706473000,0.000927001,0.707400000,8.200930999,0,16
1658137055.724752426,1785481617.587291479,172,7642,7741,261,0,72000,2349,1520,0.000000000,4.263946998,4.748345000,0.393429998,0.000728001,0.394158000,6.090142000,0,17
1658137055.824841022,1785481617.789517403,173,7741,7923,279,0,72000,2037,1281,0.000000000,5.009352000,6.274840998,1.093184001,0.000688000,1.093872001,8.424787000,0,16
1658137055.924920559,1785481618.013246298,174,7923,8019,346,0,72000,2450,1553,0.000000000,4.312327001,5.137216998,1.054642000,0.000588001,1.055230001,7.134232001,0,19
1658137056.024767399,1785481618.188954115,175,8019,8051,453,0,72000,2445,1475,0.000000000,4.102234998,4.590694001,0.986431000,0.000746000,0.987177000,6.921284001,0,24
1658137056.124871016,1785481618.389848948,176,8051,8276,444,0,72000,2326,1413,0.000000000,5.694959997,6.808952001,0.816975000,0.000902000,0.817877000,8.743738999,0,20
1658137056.224819183,1785481618.586946487,177,8276,8441,357,0,72000,2499,1450,0.000000000,2.900639000,3.452448998,0.691419002,0.000724000,0.692143001,5.030090000,0,19
1658137056.324915886,1785481618.788859367,178,8441,8651,429,0,72000,2382,1413,0.000000000,4.216262996,5.022645999,1.740382000,0.000534001,1.740916001,7.716002001,0,17
1658137056.424752951,1785481619.013848066,179,8651,8827,620,0,72000,3052,1796,0.000000000,4.197298000,4.989068000,1.583143001,0.000641001,1.583784002,7.679666001,0,17
1658137056.524831533,1785481619.188005209,180,8827,9102,467,0,72000,3436,2061,0.000000000,4.072793998,4.815388000,0.714964001,0.000950000,0.715914000,6.847611001,0,14
1658137056.624923468,1785481619.387280464,181,8940,9183,418,0,72000,2585,1566,0.000000000,4.002197998,4.529219001,0.602057000,0.000601000,0.602657999,5.991254000,0,15
1658137056.724765301,1785481619.589452744,182,9183,9388,490,0,72000,2942,1748,0.000000000,4.728256999,5.623018002,0.792905001,0.000659000,0.793564001,8.301243000,0,18
1658137056.824853420,1785481619.787291765,183,9388,9625,409,0,72000,2895,1632,0.000000000,3.487553000,4.064008001,0.955416999,0.001074000,0.956491000,5.932861000,0,17
1658137056.924820900,1785481619.988820076,184,9479,9812,532,0,72000,2953,1819,0.000000000,4.759316000,5.538084999,1.034094999,0.000619999,1.034714998,7.607375001,0,17
1658137057.024913311,1785481620.192212582,185,9812,9981,473,0,72000,3235,1876,0.000000000,6.572306998,7.853632000,1.836203000,0.000684999,1.836887999,11.009065000,0,15
1658137057.124753952,1785481620.389767885,186,9981,10139,568,0,72000,3075,1803,0.000000000,4.559192999,5.404998999,1.950766000,0.000575999,1.951341999,8.542707001,0,18
1658137057.224855661,1785481620.595354319,187,10139,10293,535,0,72000,2852,1673,0.000000000,7.822773003,9.288047000,3.371898001,0.000683000,3.372581001,14.001443000,0,13
1658137057.324819803,1785481620.789155006,188,10293,10574,457,0,72000,2482,1293,0.000000000,5.427278002,6.553580000,0.679938001,0.000553000,0.680491001,7.938909001,0,17
1658137057.424906731,1785481620.990859270,189,10574,10875,541,0,72000,3045,1741,0.000000000,5.755132001,7.009452998,1.434103000,0.000671000,1.434774000,9.624358001,0,17
1658137057.524746656,1785481621.189617634,190,10622,11037,644,0,72000,3774,2211,0.000000000,4.340896001,5.096298000,2.050999001,0.000743001,2.051742002,8.381690001,0,17
1658137057.624840736,1785481621.391532898,191,10936,11203,507,0,72000,3281,1943,0.000000000,6.680553000,7.792458000,1.160127000,0.000570000,1.160697000,10.267432001,0,11
1658137057.724925280,1785481621.587541103,192,11099,11490,664,0,72000,3001,1630,0.000000000,3.591138002,4.256320999,1.005587999,0.000536998,1.006124998,6.139016001,0,17
1658137057.824762821,1785481621.788376570,193,11490,11807,542,0,72000,2883,1635,0.000000000,4.724182001,5.318304000,0.772750000,0.000487998,0.773237998,7.033835000,0,16
1658137057.924852371,1785481621.992625713,194,11807,12151,565,0,72000,3653,2094,0.000000000,7.537386000,9.178328000,0.868579002,0.000648000,0.869227002,11.357378000,0,20
1658137058.024819851,1785481622.213310242,195,12151,12547,616,0,72000,3469,1992,0.000000000,4.145704001,4.843041001,1.079263000,0.000744001,1.080007001,6.891382001,0,19
1658137058.124909401,1785481622.415598392,196,12358,12618,755,0,72000,3931,2326,0.000000000,5.067478001,6.022968999,1.857183001,0.000840000,1.858023001,9.294959998,0,19
1658137058.224747658,1785481622.590661526,197,12618,13152,747,0,72000,3139,1583,0.000000000,5.285399999,6.472552999,1.561079000,0.000767999,1.561846999,9.227463999,0,18
1658137058.324818611,1785481622.792758226,198,13055,13783,814,0,72000,3096,1322,0.000000000,7.704819998,8.954853000,1.654754000,0.000547001,1.655301001,11.445404001,0,18
1658137058.424897909,1785481622.990925550,199,13455,13997,899,0,72000,4117,2176,0.000000000,5.450651004,6.192831001,2.257300001,0.000550999,2.257851000,9.614113998,0,18
1658137058.524742842,1785481623.190666199,200,13997,14462,865,0,72000,3744,1957,0.000000000,4.374894001,5.075399999,3.102531000,0.000697999,3.103228999,9.209403001,0,17
1658137058.624822378,1785481623.389935255,201,14462,14943,690,0,72000,3548,1721,0.000000000,5.068058997,5.729916000,1.904380000,0.000565000,1.904945000,8.607792999,0,18
1658137058.724912405,1785481623.592267513,202,14514,15064,763,0,72000,3907,1968,0.000000000,7.513003000,8.612076001,1.062918000,0.000622000,1.063539999,10.808368999,0,17
1658137058.824750423,1785481623.818367004,203,15064,15483,681,0,72000,4229,2344,0.000000000,7.941672999,9.012708000,1.775481000,0.000651000,1.776132000,11.993278000,0,18
1658137058.924854755,1785481624.016514540,204,15364,15876,641,0,72000,3899,2025,0.000000000,7.320756999,8.039525999,0.959956000,0.000561000,0.960517000,10.026512000,0,8
1658137059.024829149,1785481624.192571163,205,15796,16216,624,0,72000,3321,1615,0.000000000,6.894982000,7.914045002,2.132923000,0.000632001,2.133555001,11.199244000,0,19
1658137059.124907494,1785481624.392565250,206,16216,16609,606,0,72000,3849,2191,0.000000000,7.396580000,8.730593001,1.334221999,0.000516000,1.334737999,11.146896999,0,18
1658137059.224739790,1785481624.589494944,207,16340,16590,413,0,72000,2854,1334,0.000000000,4.777299000,5.386794001,1.917248001,0.000508000,1.917756001,8.117064001,0,7
1658137059.324834585,1785481624.791372061,208,16590,16829,487,0,72000,2933,1447,0.000000000,7.393680999,8.313913000,0.772281001,0.000640999,0.772922000,9.942442000,0,6
1658137059.424921751,1785481624.989786625,209,16829,17114,415,0,72000,3540,1881,0.000000000,5.455999000,6.278417999,0.837856000,0.000591001,0.838447000,8.390916000,0,11
1658137059.524773836,1785481625.189692974,210,17114,17270,378,0,72000,3039,1632,0.000000000,5.824009000,6.527407000,0.651255001,0.000759001,0.652014001,8.166800000,0,17
1658137059.624879360,1785481625.388195276,211,17270,17433,374,0,72000,3491,2084,0.000000000,4.436685000,5.236053999,0.564623000,0.000689000,0.565312001,6.767401001,0,13
1658137059.724719048,1785481625.589032888,212,17433,17688,504,0,72000,3872,2289,0.000000000,4.517380001,5.225935001,1.083039000,0.000676000,1.083715000,7.573479999,0,17
1658137059.824823141,1785481625.790050268,213,17688,17740,422,0,72000,4038,2333,0.000000000,5.820984003,6.660407000,0.793653000,0.001027000,0.794680000,8.483426000,0,6
1658137059.924920797,1785481626.012349367,214,17740,17912,251,0,72000,2956,1530,0.000000000,4.099352998,4.633275999,0.404418999,0.000696000,0.405114999,5.899010999,0,18
1658137060.024753809,1785481626.189657450,215,17912,18168,483,0,72000,4290,2529,0.000000000,5.208666002,6.089535002,0.769625000,0.000783000,0.770408000,8.197125000,0,18
1658137060.124844074,1785481626.388582230,216,18168,18433,479,0,72000,3796,2176,0.000000000,4.240433000,5.105173001,0.829416000,0.000545999,0.829961999,6.979578000,0,17
1658137060.224811554,1785481626.613521814,217,18433,18445,335,0,72000,3404,1840,0.000000000,4.858120999,5.424465999,0.631616000,0.000549999,0.632165998,7.033676000,0,19
1658137060.324868441,1785481626.789390326,218,18445,18607,323,0,72000,3961,2018,0.000000000,5.414633002,6.159330000,0.615419000,0.000794998,0.616213998,7.890078999,0,18
1658137060.424717665,1785481627.013682604,219,18607,18783,292,0,72000,3493,1944,0.000000000,4.917119997,5.544385998,0.693172000,0.000516000,0.693688000,7.162193000,0,19
1658137060.524796963,1785481627.214633703,220,18783,18881,363,0,72000,4200,2366,0.000000000,5.174262002,5.999878000,0.724056001,0.000581000,0.724637001,8.085578000,0,19
1658137060.624887228,1785481627.388197422,221,18881,19048,307,0,72000,3885,2079,0.000000000,4.637399001,5.275497999,0.692632000,0.000627999,0.693259999,7.067140001,0,18
1658137060.724725485,1785481627.590729237,222,19048,19201,313,0,72000,3898,2278,0.000000000,6.989690999,7.734112000,0.510710001,0.000545000,0.511255001,9.520931999,0,18
1658137060.824807882,1785481627.793098450,223,18924,19064,312,0,72000,4219,2513,0.000000000,8.706058999,9.923047000,0.725491000,0.000826001,0.726317001,11.933399001,0,5
1658137060.924912453,1785481627.987921238,224,19064,19209,267,0,72000,3244,1644,0.000000000,4.512567999,5.182621999,0.448893999,0.000640001,0.449534000,6.588525999,0,20
1658137061.024758816,1785481628.189947844,225,19209,19344,292,0,72000,3229,1652,0.000000000,5.725117002,6.987632001,0.558886000,0.000694999,0.559581000,8.775953000,0,18
1658137061.124855757,1785481628.413877487,226,19344,19518,374,0,72000,3968,2236,0.000000000,4.975635004,5.757366000,0.809529000,0.000671000,0.810199999,7.683778000,0,19
1658137061.224816799,1785481628.615650654,227,19518,19545,348,0,72000,4416,2553,0.000000000,6.203017998,7.161754000,0.714719999,0.000702999,0.715422999,9.452251999,0,19
1658137061.324893713,1785481628.816229820,228,19545,19701,328,0,72000,4843,2843,0.000000000,6.931711998,7.884143000,0.643088000,0.000787000,0.643875001,9.988936001,0,19
1658137061.424739838,1785481629.015389919,229,19701,19718,353,0,72000,4458,2605,0.000000000,5.529164000,6.662495000,1.082756000,0.000811000,1.083567000,9.162891000,0,16
1658137061.524831533,1785481629.188594341,230,19718,19757,271,0,72000,3669,2056,0.000000000,4.552643999,5.423320001,0.668467001,0.000695001,0.669162002,7.173694001,0,18
1658137061.624917984,1785481629.389233828,231,19757,19880,262,0,72000,3543,1925,0.000000000,5.465154998,6.061845001,0.873868999,0.000630000,0.874498999,7.994758000,0,18
1658137061.724760056,1785481629.615950584,232,19880,19954,248,0,72000,3245,1749,0.000000000,6.688153999,8.177654001,0.456716001,0.000628999,0.457345001,9.524048000,0,19
1658137061.824866772,1785481629.790449619,233,19954,20113,260,0,72000,3603,1921,0.000000000,6.824590999,7.658286000,0.467764001,0.000863001,0.468627002,9.198094000,0,15
1658137061.924732924,1785481629.988208294,234,20113,20087,233,0,72000,3084,1510,0.000000000,4.782959002,5.472350000,0.494196998,0.000665001,0.494861999,6.927618000,0,17
1658137062.024819374,1785481630.190239906,235,20087,20161,224,0,72000,2478,1090,0.000000000,6.923315001,7.830850000,0.387642000,0.000792001,0.388434000,8.862745999,0,5
1658137062.124917746,1785481630.412853003,236,20161,20237,259,0,72000,3672,1963,0.000000000,4.523187998,5.150581001,0.422379000,0.000585000,0.422964000,6.560956001,0,19
1658137062.224748850,1785481630.592891455,237,20237,20263,298,0,72000,4288,2498,0.000000000,8.800743999,9.660236999,0.795704000,0.000717000,0.796421000,11.601892000,0,12
1658137062.324859619,1785481630.814318657,238,20263,20321,269,0,72000,4412,2503,0.000000000,5.094224000,5.935191999,0.694594000,0.000536000,0.695130000,7.999224999,0,11
1658137062.424827337,1785481631.016379833,239,20321,20410,243,0,72000,4137,2346,0.000000000,7.508732000,8.224622999,0.428706999,0.000599000,0.429305999,10.040252999,0,17
1658137062.524910927,1785481631.214893103,240,20410,20505,211,0,72000,3011,1377,0.000000000,6.725682000,7.378717999,0.377044000,0.000526001,0.377570001,8.574635000,0,14
1658137062.624742031,1785481631.389795065,241,20505,20563,277,0,72000,4397,2490,0.000000000,5.373767999,6.296574000,0.550272001,0.000676000,0.550948002,8.426933000,0,18
1658137062.724824429,1785481631.590967655,242,20563,20632,244,0,72000,3199,1713,0.000000000,7.524573999,8.333652000,0.451754000,0.000612999,0.452367000,9.638660000,0,18
1658137062.824910402,1785481631.813120365,243,20632,20742,219,0,72000,3784,2000,0.000000000,4.686054999,5.301716001,0.398118000,0.000576001,0.398694001,6.768220999,0,19
1658137062.924767256,1785481631.987929106,244,20742,20770,198,0,72000,3281,1593,0.000000000,4.757314002,5.286522000,0.374419000,0.000489001,0.374908001,6.581097001,0,17
1658137063.024855852,1785481632.187659502,245,20770,20777,176,0,72000,2309,991,0.000000000,4.856423999,5.213162000,0.434086000,0.000560000,0.434645999,6.302099000,0,17
1658137063.124813318,1785481632.415424585,246,20777,20818,243,0,72000,2968,1508,0.000000000,7.031007000,7.816992000,0.506068001,0.000622002,0.506690003,9.054410000,0,17
1658137063.224892139,1785481632.589941502,247,20818,20941,222,0,72000,4304,2445,0.000000000,5.630547001,6.413509000,0.407936999,0.000690001,0.408627000,8.499028001,0,17
1658137063.324811459,1785481632.788791180,248,20941,21046,173,0,72000,3355,1660,0.000000000,5.020321001,5.748961999,0.686464000,0.000773001,0.687237001,7.395547000,0,17
1658137063.424893618,1785481632.987771511,249,21046,21049,209,0,72000,3805,1998,0.000000000,4.374713997,4.863889000,0.410127001,0.000681001,0.410808001,6.375709001,0,17
1658137063.524723530,1785481633.192253351,250,21049,21082,180,0,72000,3888,2091,0.000000000,7.005042002,7.762705000,0.527196000,0.001443001,0.528639001,10.206754001,0,7
1658137063.624817848,1785481633.416884422,251,21082,21144,242,0,72000,4851,2735,0.000000000,7.196924000,8.315543000,0.508498999,0.000679001,0.509178000,10.450677999,0,17
1658137063.724911928,1785481633.590143442,252,21144,21129,178,0,72000,4692,2708,0.000000000,5.882371999,6.982307999,0.373875000,0.000783000,0.374658001,8.720690999,0,16
1658137063.824761868,1785481633.815538406,253,21129,21185,177,0,72000,3884,2072,0.000000000,6.209060997,7.340548000,0.411741999,0.000689000,0.412431000,8.949437000,0,19
1658137063.924862146,1785481633.991193295,254,21185,21227,196,0,72000,3694,1985,0.000000000,6.197169998,7.137513001,0.358473000,0.000627999,0.359100999,8.471600000,0,19
1658137064.024714470,1785481634.192603350,255,21227,21261,189,0,72000,3857,2158,0.000000000,8.946160000,9.756099000,0.382578000,0.000713000,0.383291001,11.151481000,0,17
1658137064.124918461,1785481634.391274452,256,21261,21315,188,0,72000,4264,2420,0.000000000,7.334230999,8.070759999,0.450295000,0.001083001,0.451378000,9.811219001,0,17
1658137064.224746466,1785481634.589425087,257,21315,21320,163,0,72000,3693,1934,0.000000000,5.422524002,6.115734001,0.574590000,0.000655000,0.575245000,7.950195000,0,13
1658137064.324879885,1785481634.794250250,258,21320,21372,166,0,72000,3690,2072,0.000000000,10.118274000,11.243030000,0.332095999,0.000600001,0.332696000,12.615739000,0,17
1658137064.424725771,1785481635.011961699,259,21372,21358,127,0,72000,3067,1528,0.000000000,3.756582999,4.290939001,0.296172000,0.000558999,0.296730999,5.435814999,0,17
1658137064.524806261,1785481635.188791752,260,21358,21387,153,0,72000,3473,1968,0.000000000,5.171120998,5.941510000,0.312237000,0.000634000,0.312871000,7.288564000,0,17
1658137064.624886990,1785481635.389543056,261,21387,21426,173,0,72000,4018,2206,0.000000000,5.065896001,6.016755000,0.727925000,0.000616001,0.728541001,8.039524999,0,21
1658137064.724721432,1785481635.589234352,262,21426,21448,204,0,72000,4111,2385,0.000000000,4.926912998,5.654086999,0.723945999,0.000511001,0.724457001,7.726886999,0,21
1658137064.824811220,1785481635.790799141,263,21448,21288,136,0,72000,3665,1887,0.000000000,6.991386002,7.736084999,0.465968000,0.000791000,0.466759000,9.270380000,0,18
1658137064.924901485,1785481636.015341997,264,21288,21330,124,0,72000,3279,1748,0.000000000,6.334774000,7.436721000,0.225841999,0.000800001,0.226642000,8.636778999,0,13
1658137065.024745226,1785481636.188965321,265,21330,21430,157,0,72000,3734,1838,0.000000000,5.374758000,6.024369000,0.294492000,0.000720998,0.295212998,7.400937000,0,17
1658137065.124840736,1785481636.391418457,266,21430,21455,130,0,72000,3368,1650,0.000000000,7.316150000,8.332341000,0.251513000,0.000802000,0.252315000,9.690408999,0,18
1658137065.224938393,1785481636.588085175,267,21455,21494,157,0,72000,3648,1804,0.000000000,4.603867003,5.186454000,0.319935001,0.000687001,0.320622003,6.532927000,0,18
1658137065.324915648,1785481636.795726299,268,21494,21543,141,0,72000,3777,2106,0.000000000,11.574819002,12.534619000,0.478055999,0.000679001,0.478735001,14.152385000,0,18
1658137065.424759150,1785481636.987955570,269,21543,21564,134,0,72000,3540,1969,0.000000000,4.313402000,5.036771001,0.269295000,0.000567999,0.269863000,6.245062001,0,16
1658137065.524856091,1785481637.189183235,270,21564,21633,180,0,72000,3968,2235,0.000000000,5.370245000,6.066028000,0.358803001,0.000618000,0.359421001,7.531266001,0,13
1658137065.624709129,1785481637.389076948,271,21633,21664,126,0,72000,3829,2099,0.000000000,4.795069002,5.593293001,0.416974999,0.000740001,0.417715000,7.426863000,0,24
1658137065.724806309,1785481637.589265108,272,21664,21676,148,0,72000,4027,2192,0.000000000,5.359598998,6.107997999,0.320153000,0.000821999,0.320974999,7.627438001,0,18
1658137065.824901342,1785481637.816338062,273,21676,21765,186,0,72000,4983,2842,0.000000000,6.923260002,7.876521000,0.325210000,0.000567999,0.325777999,9.645569000,0,18
1658137065.924726725,1785481638.016701937,274,21765,21776,188,0,72000,4638,2688,0.000000000,7.547914001,8.396226000,0.388106000,0.000563999,0.388670000,10.033854000,0,13
1658137066.024820566,1785481638.187500954,275,21776,21802,164,0,72000,3091,1517,0.000000000,4.107559000,4.607289000,0.356650999,0.000946999,0.357597997,5.859794001,0,8
1658137066.124922991,1785481638.389131546,276,21802,21816,129,0,72000,3474,1899,0.000000000,4.980773003,5.949409000,0.439298001,0.000693000,0.439991001,7.492664001,0,14
1658137066.224759579,1785481638.613399267,277,21816,21861,134,0,72000,3616,1992,0.000000000,4.916588001,5.538334000,0.266216999,0.000624999,0.266841998,6.748173999,0,17
1658137066.324908733,1785481638.790699720,278,21861,21840,125,0,72000,3550,2059,0.000000000,5.146530999,6.167010000,0.406231000,0.000700000,0.406931000,7.667300000,0,16
1658137066.424746513,1785481638.990555763,279,21840,21881,147,0,72000,2826,1412,0.000000000,6.901217002,7.678249000,0.310984000,0.000546999,0.311530999,8.803840999,0,17
1658137066.524848700,1785481639.191030264,280,21881,21891,144,0,72000,3511,1875,0.000000000,6.390817998,6.990849999,0.301441001,0.000795999,0.302237000,8.374511999,0,20
1658137066.624821663,1785481639.418833494,281,21891,21930,143,0,72000,3583,1926,0.000000000,9.317992000,10.523536001,0.291744000,0.000677999,0.292421999,12.127300999,0,24
1658137066.724913359,1785481639.592655897,282,21930,21986,157,0,72000,3718,1930,0.000000000,7.738217999,8.985889999,0.323945000,0.000689000,0.324634000,10.437692999,0,18
1658137066.824770927,1785481639.790433884,283,21986,22072,134,0,72000,2808,1355,0.000000000,6.480251999,7.607161000,0.274588001,0.000775999,0.275364000,8.715439000,0,7
1658137066.924856663,1785481639.990104914,284,22072,22104,133,0,72000,4084,2280,0.000000000,5.899649999,6.820715000,0.281189999,0.000575999,0.281765999,8.386563000,0,17
1658137067.024813414,1785481640.190240860,285,22104,22176,157,0,72000,3403,1812,0.000000000,6.406562999,7.290227000,0.271450001,0.000673001,0.272123001,8.493133000,0,17
1658137067.124904871,1785481640.416333675,286,22176,22272,173,0,72000,4289,2333,0.000000000,6.897879997,7.800805999,0.292789999,0.000516999,0.293306997,9.573411000,0,13
1658137067.224748135,1785481640.589727163,287,22272,22263,159,0,72000,3569,1837,0.000000000,4.353539000,4.994687000,0.610773001,0.000610000,0.611383000,6.739932000,0,18
1658137067.324879885,1785481640.791054487,288,22263,22268,138,0,72000,3464,1774,0.000000000,7.081939999,7.839452999,0.293483999,0.000780001,0.294264000,9.182801999,0,17
1658137067.424710035,1785481640.991711378,289,22268,22298,123,0,72000,3852,1933,0.000000000,7.538714999,8.507088000,0.264884000,0.000542001,0.265426001,9.934117001,0,9
1658137067.524814367,1785481641.192481756,290,22298,22242,116,0,72000,3581,1869,0.000000000,8.008920000,9.188832000,0.379487001,0.000652000,0.380139001,10.694713001,0,19
1658137067.624906778,1785481641.390750170,291,22242,22268,134,0,72000,4020,2216,0.000000000,5.594052000,6.449918001,0.270789000,0.000554001,0.271343000,8.047294001,0,20
1658137067.724751711,1785481641.589738846,292,22268,22274,136,0,72000,3826,2259,0.000000000,4.929008999,5.808797001,0.533888000,0.000700000,0.534588000,7.933839001,0,17
1658137067.824855089,1785481641.814320564,293,22274,22311,118,0,72000,3441,1909,0.000000000,5.452304000,6.143953000,0.437508999,0.000562000,0.438071000,7.556720000,0,18
1658137067.924820423,1785481641.987512827,294,22311,22307,117,0,72000,3145,1679,0.000000000,3.934251998,4.485182000,0.304099000,0.000920001,0.305019001,5.667571000,0,18
1658137068.024923325,1785481642.192705393,295,22307,22123,135,0,72000,3387,1816,0.000000000,7.861236998,8.613200000,1.143314001,0.000780001,1.144094002,10.845969999,0,17
1658137068.124764681,1785481642.416587830,296,22123,22205,128,0,72000,3241,1676,0.000000000,7.782611996,8.334611000,0.227091999,0.000682001,0.227774000,9.644467998,0,14
1658137068.224862576,1785481642.589994431,297,22205,22261,119,0,72000,3709,1889,0.000000000,5.846548000,6.579240000,0.277943000,0.000777000,0.278719999,8.165915999,0,5
1658137068.324897051,1785481642.790890694,298,22261,22344,138,0,72000,4143,2251,0.000000000,6.320068000,7.107097999,0.259637000,0.000724000,0.260360999,9.022786000,0,12
1658137068.424742699,1785481642.989820480,299,22344,22418,112,0,72000,3753,1961,0.000000000,5.580355000,6.475426999,0.266457000,0.000623999,0.267080999,7.963106002,0,17
1658137068.524836779,1785481643.188864470,300,22418,22385,136,0,72000,3943,1956,0.000000000,4.919900999,5.559138999,0.315034998,0.000554999,0.315589998,6.990144000,0,2
1658137068.624927521,1785481643.392410040,301,22385,22442,130,0,72000,4081,2068,0.000000000,6.717890001,7.573712001,0.241463998,0.000717999,0.242181997,9.016657999,0,19
1658137068.724768400,1785481643.588848114,302,22124,22108,113,0,72000,3850,2036,0.000000000,4.953303000,5.594876000,0.315706000,0.000640001,0.316346001,6.959210999,0,18
1658137068.824859619,1785481643.790693998,303,22108,22160,93,0,72000,3222,1571,0.000000000,7.110037002,7.650019001,0.193463000,0.000540000,0.194003000,8.806751999,0,18
1658137068.924817562,1785481644.015135527,304,22160,22191,101,0,72000,3616,1819,0.000000000,5.882231999,6.915369000,0.195931001,0.000635000,0.196566001,8.216290000,0,18
1658137069.024899244,1785481644.213705301,305,22191,22265,125,0,72000,3869,2035,0.000000000,4.963334999,5.587365000,0.232122000,0.000583001,0.232705001,6.785518000,0,18
1658137069.124737978,1785481644.389805079,306,22265,22281,111,0,72000,3384,1691,0.000000000,5.946219000,6.519204000,0.320457999,0.001038999,0.321496998,7.853354000,0,18
1658137069.224836349,1785481644.590232611,307,22281,22331,117,0,72000,3598,1938,0.000000000,6.214232000,6.829157001,0.228456000,0.000791000,0.229247000,8.298200999,0,18
1658137069.324825287,1785481644.813770056,308,22331,22193,114,0,72000,3478,1767,0.000000000,4.409337000,4.958567000,0.607860000,0.000570999,0.608430999,6.821265000,0,18
1658137069.424926519,1785481644.989900589,309,22193,22246,129,0,72000,4282,2488,0.000000000,5.620824000,6.421008000,0.246839001,0.001131000,0.247970002,7.949392000,0,22
1658137069.524762154,1785481645.192266464,310,22246,22337,154,0,72000,4081,2243,0.000000000,7.932154998,8.868994000,0.297739001,0.000890001,0.298629002,10.326161000,0,20
1658137069.624831438,1785481645.390157223,311,22337,22352,108,0,72000,3144,1629,0.000000000,5.944786002,6.799024000,0.218257001,0.000700000,0.218957000,8.194619000,0,18
1658137069.724925756,1785481645.589967728,312,22352,22389,126,0,72000,3764,2047,0.000000000,5.829325000,6.732051999,0.260293999,0.000612001,0.260905999,8.008635999,0,18
1658137069.824770927,1785481645.790293694,313,22389,22380,117,0,72000,4206,2263,0.000000000,5.420660998,6.379621000,0.242714001,0.000747999,0.243462000,8.312521000,0,11
1658137069.924851179,1785481645.990731955,314,22380,22371,122,0,72000,4108,2213,0.000000000,6.163591999,6.932713999,0.294193000,0.000585000,0.294777999,8.755427001,0,8
1658137070.024931669,1785481646.215157509,315,22371,22382,106,0,72000,3903,2099,0.000000000,5.590297000,6.454249000,0.478456999,0.000575999,0.479032999,8.142156999,0,10
1658137070.124789953,1785481646.391065598,316,22382,22425,98,0,72000,3377,1896,0.000000000,7.034594000,7.646092001,0.218196999,0.000651000,0.218847999,9.055060000,0,16
1658137070.224873066,1785481646.591146231,317,22425,22459,129,0,72000,4239,2317,0.000000000,6.622147999,7.482376999,0.288797999,0.000788999,0.289586998,9.108143000,0,16
1658137070.324820518,1785481646.789218664,318,22459,22484,128,0,72000,4075,2145,0.000000000,4.938197999,5.596363000,0.435125001,0.000640999,0.435766000,7.183727001,0,18
1658137070.424909115,1785481646.988576174,319,22484,22543,95,0,72000,3714,2021,0.000000000,4.652224001,5.305260000,0.198996000,0.000616001,0.199612001,6.524991000,0,26
1658137070.524751902,1785481647.188436270,320,22543,22600,78,0,72000,3380,1757,0.000000000,4.353871002,5.000753001,0.224105999,0.000649001,0.224755000,6.419252999,0,20
1658137070.624844313,1785481647.390278339,321,22600,22626,99,0,72000,2801,1472,0.000000000,6.338540001,7.013856999,0.192672002,0.000894001,0.193566002,8.215463999,0,18
1658137070.724927425,1785481647.620213985,322,22626,22646,115,0,72000,4120,2354,0.000000000,10.424220001,11.637670001,0.366734999,0.000549000,0.367283999,13.140644000,0,18
1658137070.824764967,1785481647.790029049,323,22646,22698,117,0,72000,4029,2260,0.000000000,5.415221998,6.234373999,0.240743000,0.000722001,0.241465001,7.667378000,0,15
1658137070.924855471,1785481648.015546799,324,22698,22705,116,0,72000,3878,2191,0.000000000,6.066641001,7.147450000,0.231938000,0.000619000,0.232557000,8.448049999,0,18
1658137071.024806261,1785481648.191104650,325,22705,22728,89,0,72000,3166,1653,0.000000000,7.264274998,7.851856000,0.178321001,0.000627000,0.178948001,8.999817001,0,17
1658137071.124889612,1785481648.390307665,326,22728,22752,88,0,72000,3618,1957,0.000000000,4.994050003,5.930600000,0.172106000,0.000642001,0.172748001,8.203087000,0,17
1658137071.224732399,1785481648.590467691,327,22752,22730,103,0,72000,3564,1870,0.000000000,6.497737000,7.165806001,0.230793999,0.000586000,0.231380000,8.350131000,0,16
1658137071.324868679,1785481648.788719177,328,22730,22710,110,0,72000,3241,1637,0.000000000,4.888414000,5.424490999,0.237628001,0.000791000,0.238419001,6.557942999,0,16
1658137071.424714088,1785481648.991094112,329,22710,22744,115,0,72000,3759,2077,0.000000000,6.965524000,7.647884000,0.224903999,0.000806001,0.225710000,8.917985000,0,25
1658137071.524803400,1785481649.190103292,330,22744,22793,99,0,72000,3747,2082,0.000000000,4.901281000,6.005137999,0.377299000,0.000661001,0.377960001,7.959981000,0,5
1658137071.624900341,1785481649.415771246,331,22793,22809,81,0,72000,3858,2119,0.000000000,5.231582001,6.316476001,0.342133000,0.000635000,0.342768000,8.566259001,0,16
1658137071.724744797,1785481649.616089582,332,22809,22844,79,0,72000,3360,1764,0.000000000,6.258079999,7.344862999,0.413803000,0.001031000,0.414833999,8.926934999,0,8
1658137071.824838400,1785481649.789832354,333,22844,22882,93,0,72000,4054,2264,0.000000000,5.428999999,6.219329000,0.234812000,0.000636999,0.235448999,7.646585998,0,12
1658137071.924928427,1785481650.017978191,334,22882,22880,113,0,72000,4147,2213,0.000000000,8.117478998,9.153651999,0.273455000,0.000661999,0.274116999,10.761178999,0,19
1658137072.024756908,1785481650.188109159,335,22880,22886,72,0,72000,3405,1870,0.000000000,4.232439000,4.809275000,0.178846001,0.000559001,0.179405002,5.889505999,0,17
1658137072.124855518,1785481650.388019800,336,22886,22894,110,0,72000,3376,1851,0.000000000,4.089544998,4.657122001,0.219188001,0.000715001,0.219903002,5.821314000,0,11
1658137072.224715233,1785481650.592529774,337,22894,22888,104,0,72000,3390,1782,0.000000000,8.144021998,9.218331001,0.223175999,0.000624001,0.223800000,10.326099000,0,18
1658137072.324717522,1785481650.790165901,338,22888,22887,68,0,72000,3226,1662,0.000000000,5.978205001,6.746215000,0.172018001,0.000585998,0.172603999,7.979544000,0,12
1658137072.424810171,1785481650.991272688,339,22887,22910,86,0,72000,3338,1654,0.000000000,6.822505004,7.807663000,0.190693001,0.000902999,0.191596000,9.025330000,0,19
1658137072.524909258,1785481651.188849211,340,22910,22946,100,0,72000,3787,2112,0.000000000,4.567345999,5.256294999,0.212972000,0.000921000,0.213892999,6.590960000,0,17
1658137072.624742031,1785481651.389995337,341,22946,23017,95,0,72000,3999,2087,0.000000000,5.490406998,6.291023999,0.187637001,0.000589000,0.188226000,7.733827000,0,17
1658137072.724823236,1785481651.591768980,342,23017,23043,100,0,72000,3663,2050,0.000000000,7.676784997,8.342421001,0.211421000,0.000912001,0.212333001,9.515316000,0,2
1658137072.824915648,1785481651.813563347,343,23043,23081,96,0,72000,3693,2030,0.000000000,4.551320999,5.176672999,0.190320001,0.000737000,0.191057001,6.291072999,0,18
1658137072.924747467,1785481651.989224911,344,23081,23104,104,0,72000,3956,2170,0.000000000,4.965421002,5.672515001,0.212149000,0.000817001,0.212966001,6.951046000,0,17
1658137073.024852514,1785481652.218303204,345,23104,23122,93,0,72000,3699,1956,0.000000000,9.132180001,9.770066001,0.196867999,0.000638000,0.197505999,11.007245999,0,11
1658137073.124809742,1785481652.391642809,346,23122,23115,87,0,72000,3052,1489,0.000000000,7.729938001,8.149776999,0.227009001,0.000657999,0.227667000,9.337178999,0,18
1658137073.224896193,1785481652.589285135,347,23115,23144,88,0,72000,3929,2175,0.000000000,5.032261000,5.707202001,0.197324000,0.000529000,0.197853000,6.993940000,0,18
1658137073.324827194,1785481652.790658712,348,23144,23179,65,0,72000,2617,1244,0.000000000,5.934786001,6.906077000,0.381472000,0.000636999,0.382108999,8.348650001,0,23
1658137073.424917459,1785481653.013607264,349,23179,23189,96,0,72000,3311,1820,0.000000000,4.278007000,4.875921000,0.243097000,0.000569999,0.243666998,6.251077000,0,18
1658137073.524765968,1785481653.190291405,350,23189,23195,61,0,72000,2980,1513,0.000000000,5.074816001,5.632846000,0.824420000,0.000697000,0.825117000,7.954606999,0,16
1658137073.624850035,1785481653.391345978,351,23195,23187,92,0,72000,4331,2459,0.000000000,6.364404999,7.484299000,0.214787000,0.000686001,0.215473001,9.009009000,0,17
1658137073.724819660,1785481653.593122482,352,23187,23209,85,0,72000,3351,1723,0.000000000,8.818923998,9.639508999,0.191445999,0.000643000,0.192088999,10.746166001,0,16
1658137073.824895382,1785481653.791318893,353,23209,23241,119,0,72000,3794,2007,0.000000000,6.802891003,7.432097000,0.233857001,0.000633001,0.234490002,8.979597000,0,17
1658137073.924736738,1785481653.995841503,354,23241,23300,104,0,72000,3463,1713,0.000000000,11.349178003,12.172163000,0.192054000,0.000933000,0.192987000,13.348643000,0,8
1658137074.024819613,1785481654.189390421,355,23300,23348,106,0,72000,3662,1925,0.000000000,4.720414001,5.350271000,0.291012000,0.000749000,0.291761000,7.031765001,0,7
1658137074.124906778,1785481654.390497208,356,23348,23374,99,0,72000,3871,1926,0.000000000,5.583837003,6.365707999,0.286856999,0.000592001,0.287449000,8.126610999,0,16
1658137074.224747419,1785481654.592534065,357,23374,23411,93,0,72000,4007,2312,0.000000000,7.853783000,8.930173999,0.184605002,0.000754999,0.185360001,10.169168001,0,23
1658137074.324881077,1785481654.814154387,358,23411,23424,83,0,72000,3489,1839,0.000000000,4.835594000,5.491096999,0.229198000,0.000681001,0.229879000,6.736476000,0,20
1658137074.424724579,1785481654.989101171,359,23424,23435,77,0,72000,3818,2057,0.000000000,4.689168996,5.371963000,0.186230000,0.000918000,0.187148000,6.709908001,0,17
1658137074.524814844,1785481655.190752029,360,23435,23461,130,0,72000,3247,1903,0.000000000,6.422866001,7.228414001,0.221459000,0.000656000,0.222115001,8.333170001,0,18
1658137074.624903679,1785481655.390247345,361,23461,23495,89,0,72000,3234,1744,0.000000000,6.125717000,6.732909002,0.165719001,0.000624999,0.166344000,7.826504001,0,18
1658137074.724736214,1785481655.591141462,362,23495,23467,138,0,72000,4033,2291,0.000000000,6.145965001,7.337829000,0.279551999,0.000619000,0.280171000,8.698880001,0,4
1658137074.824935913,1785481655.788606405,363,23467,23503,97,0,72000,3416,1747,0.000000000,4.450773999,5.040143002,0.175478999,0.000831000,0.176309999,6.154995999,0,17
1658137074.924767733,1785481655.988946676,364,23503,23402,109,0,72000,3485,1863,0.000000000,4.591198000,5.173830001,0.351463999,0.000728000,0.352191999,6.472318999,0,18
1658137075.024861097,1785481656.192026138,365,23402,23431,199,0,72000,3705,2091,0.000000000,7.033746999,8.100438999,0.334386001,0.000638000,0.335024000,9.556122001,0,18
1658137075.124724388,1785481656.415541172,366,23431,23433,223,0,72000,4396,2521,0.000000000,5.389345000,6.153328000,0.421847999,0.000608001,0.422456000,8.076052001,0,17
1658137075.224820375,1785481656.590198994,367,23433,23455,180,0,72000,3720,2253,0.000000000,5.485338999,6.345005999,0.344111999,0.000599000,0.344710999,7.680678998,0,23
1658137075.324909925,1785481656.790271521,368,23455,23517,206,0,72000,4004,2339,0.000000000,5.192784001,5.920547001,0.634205000,0.000732000,0.634937000,7.790423000,0,15
1658137075.424756289,1785481656.992864609,369,23517,23588,206,0,72000,4101,2316,0.000000000,7.599969000,8.476687999,0.408734000,0.001609000,0.410343000,10.397705000,0,12
1658137075.524840355,1785481657.192867756,370,23588,23688,255,0,72000,4739,2893,0.000000000,7.609217000,8.523951001,0.494280999,0.000855000,0.495135999,10.344294000,0,17
1658137075.624810219,1785481657.390417099,371,23688,23602,206,0,72000,4274,2357,0.000000000,6.477098003,7.256960000,0.529460001,0.000710001,0.530170002,9.438684001,0,17
1658137075.724896193,1785481657.588658094,372,23602,23620,237,0,72000,4104,2428,0.000000000,4.924875000,5.665838000,0.743611001,0.000548000,0.744159001,7.720078000,0,18
1658137075.824759483,1785481657.788920879,373,23620,23479,207,0,72000,4050,2309,0.000000000,5.343212999,6.224960000,0.611620999,0.000620001,0.612241000,7.956246001,0,18
1658137075.924853563,1785481657.986377478,374,23191,23293,151,0,72000,3149,1610,0.000000000,3.854023002,4.362747000,0.223371999,0.000717000,0.224088999,5.405497001,0,15
1658137076.024821758,1785481658.187368155,375,23293,23386,153,0,72000,3496,1898,0.000000000,4.556679998,5.149969000,0.234300000,0.000658001,0.234958001,6.362069000,0,18
1658137076.124909163,1785481658.387900829,376,23386,23544,249,0,72000,3689,2174,0.000000000,4.827463998,5.533571000,0.424677999,0.000662001,0.425340000,6.896797000,0,16
1658137076.224745512,1785481658.589588165,377,23124,23276,276,0,72000,4461,2408,0.000000000,6.038063002,6.839735999,0.559168000,0.000726999,0.559894999,8.593405999,0,22
1658137076.324845076,1785481658.788063049,378,23276,23410,273,0,72000,3932,2095,0.000000000,4.822482000,5.469990001,0.522714001,0.000909000,0.523623001,7.052391000,0,17
1658137076.424820185,1785481658.991587877,379,23410,23558,330,0,72000,3614,1829,0.000000000,8.261590001,8.985226001,0.616678000,0.000701000,0.617379001,10.566157001,0,8
1658137076.524913311,1785481659.187866926,380,23558,23750,302,0,72000,3670,1722,0.000000000,4.359882001,4.896326000,0.486626001,0.000603999,0.487230000,6.850739001,0,17
1658137076.624750376,1785481659.389842749,381,23750,23970,422,0,72000,4318,2411,0.000000000,5.458661999,6.495394000,0.809046001,0.000668000,0.809714002,8.792559001,0,16
1658137076.724843740,1785481659.592159033,382,23970,24223,400,0,72000,4696,2592,0.000000000,8.110704001,8.939922000,0.834238999,0.000742999,0.834981998,11.113929999,0,17
1658137076.824931145,1785481659.794526815,383,24223,24558,504,0,72000,5119,2979,0.000000000,9.384322000,10.749339999,1.063858999,0.000688000,1.064546999,13.485275998,0,17
1658137076.924777746,1785481659.990967751,384,23114,23392,530,0,72000,4619,2586,0.000000000,6.786754002,7.603975999,1.110300000,0.000524000,1.110824000,9.885005000,0,18
1658137077.024857521,1785481660.193378210,385,23149,23456,529,0,72000,4534,2522,0.000000000,8.875234002,9.717072000,1.176545002,0.001140001,1.177685002,12.264965000,0,15
1658137077.124813795,1785481660.391843081,386,23456,23668,469,0,72000,4308,2084,0.000000000,7.207622000,8.376274000,1.420610999,0.000612999,1.421223998,10.797635001,0,22
1658137077.224892139,1785481660.589843750,387,23668,23964,446,0,72000,3593,1839,0.000000000,5.173856001,5.917908000,0.803424000,0.000493001,0.803917001,7.787458999,0,4
1658137077.324913502,1785481660.794420958,388,23964,24272,696,0,72000,5919,3361,0.000000000,7.958744001,9.143399000,2.347648999,0.000934000,2.348582999,13.330591000,0,17
1658137077.424747705,1785481660.990629196,389,24272,24588,589,0,72000,4730,2540,0.000000000,5.774771998,6.738301001,1.267232001,0.000519000,1.267751000,9.532586999,0,18
1658137077.524838209,1785481661.189929008,390,24588,24868,494,0,72000,3483,1559,0.000000000,6.077731998,6.932537999,1.024605001,0.000529000,1.025134001,8.828680000,0,17
1658137077.624918699,1785481661.390628815,391,24868,25184,643,0,72000,4185,2205,0.000000000,6.123887002,6.997576000,1.533861001,0.000562999,1.534424000,9.505948001,0,16
1658137077.724752903,1785481661.615556002,392,24732,24981,586,0,72000,3932,1983,0.000000000,6.626012000,7.272793000,1.248062001,0.000599000,1.248661001,9.420332000,0,18
1658137077.824851513,1785481661.814905167,393,24981,25224,632,0,72000,4737,2503,0.000000000,5.201391001,5.981781000,1.610228999,0.000626000,1.610854999,8.756166000,0,16
1658137077.924811363,1785481662.015537262,394,25113,25522,665,0,72000,4241,2189,0.000000000,6.416362998,7.265693001,1.049978999,0.000619999,1.050598998,9.380795000,0,18
1658137078.024876118,1785481662.191263914,395,25522,25936,848,0,72000,4765,2568,0.000000000,6.564296002,7.353157000,1.654995001,0.000705000,1.655700002,10.109720000,0,18
1658137078.124736786,1785481662.390365839,396,25936,26371,698,0,72000,4802,2463,0.000000000,5.651307998,6.407905001,1.386647000,0.000832000,1.387479000,9.202861998,0,25
1658137078.224831581,1785481662.590518713,397,26371,26828,667,0,72000,4474,2360,0.000000000,5.672218003,6.478436000,1.558422000,0.000620999,1.559042999,9.353754000,0,15
1658137078.324882507,1785481662.793485880,398,26702,27050,820,0,72000,4465,2347,0.000000000,8.451754002,9.206915001,1.968101000,0.000619000,1.968720000,12.237777999,0,18
1658137078.424730301,1785481662.993821383,399,27050,27555,791,0,72000,4653,2497,0.000000000,8.230732999,9.015092000,2.162703000,0.000577000,2.163280000,12.639877999,0,17
1658137078.524822712,1785481663.193591356,400,27555,27957,698,0,72000,4961,2684,0.000000000,8.408327003,9.828157001,1.352829999,0.000655000,1.353484999,12.410567000,0,18
1658137078.624900341,1785481663.394532919,401,27957,28481,951,0,72000,6159,3686,0.000000000,7.297209999,8.941706999,2.318328001,0.000697000,2.319025001,13.340436000,0,17
1658137078.724735260,1785481663.594144344,402,28171,28617,843,0,72000,5543,3114,0.000000000,7.555048000,8.489761000,2.608512999,0.001689999,2.610202999,12.927270000,0,18
1658137078.824827194,1785481663.795283556,403,28485,29092,808,0,72000,4854,2646,0.000000000,9.564394000,10.775671000,2.154370999,0.000618000,2.154988999,14.063605000,0,15
1658137078.924912214,1785481663.991891146,404,28592,28997,848,0,72000,3969,1757,0.000000000,7.167120999,7.778056000,2.016461000,0.000885999,2.017346998,10.664689000,0,17
1658137079.024743319,1785481664.190241814,405,28658,29095,694,0,72000,4508,2213,0.000000000,6.080447001,6.814352000,1.148882000,0.000548000,1.149430000,8.978135000,0,20
1658137079.124834061,1785481664.393943310,406,29095,29580,729,0,72000,4431,2133,0.000000000,8.669262001,9.799904999,1.341776000,0.000555001,1.342331001,12.658794001,0,18
1658137079.224809885,1785481664.590263128,407,29580,30095,763,0,72000,4472,2267,0.000000000,5.578059998,6.426658001,1.568137999,0.000698999,1.568836999,9.022729000,0,18
1658137079.324869394,1785481664.792940617,408,29830,30406,868,0,72000,5040,2577,0.000000000,7.168398999,7.999445999,2.294921000,0.000749000,2.295670000,11.672613999,0,18
1658137079.424824238,1785481664.992537260,409,30054,30554,764,0,72000,5146,2892,0.000000000,6.479687998,7.720616000,2.152644001,0.000639000,2.153283001,11.260170999,0,18
1658137079.524906635,1785481665.193839788,410,30365,30897,792,0,72000,4100,1965,0.000000000,9.285697997,10.097048000,1.456651000,0.000721000,1.457372000,12.567833999,0,18
1658137079.624745131,1785481665.396853924,411,30897,31488,1089,0,72000,6285,3700,0.000000000,10.499411999,11.672172001,2.509481999,0.000565000,2.510046999,15.539828999,0,18
1658137079.724845409,1785481665.620035887,412,31488,31992,904,0,72000,5967,3247,0.000000000,8.933264000,9.988620001,2.086733999,0.000638000,2.087371999,13.736891000,0,19
1658137079.824822187,1785481665.794653416,413,31992,32470,969,0,72000,5127,2648,0.000000000,8.829231003,9.997481000,2.016631001,0.000893999,2.017524999,13.323980002,0,18
1658137079.924921036,1785481665.993681908,414,32470,33172,980,0,72000,5778,3187,0.000000000,7.788542000,8.895591001,2.259905999,0.000581000,2.260486999,12.369714999,0,18
1658137080.024763823,1785481666.195495129,415,32865,33239,962,0,72000,5318,2706,0.000000000,9.591318003,10.705911000,2.134601000,0.000619000,2.135220000,14.181956001,0,24
1658137080.124858618,1785481666.396450758,416,33239,33983,945,0,72000,5119,2562,0.000000000,10.489752001,11.900258000,1.542587999,0.001008000,1.543595999,15.083955999,0,18
1658137080.224817514,1785481666.590878725,417,33859,34369,856,0,72000,4744,2207,0.000000000,6.003699000,6.786182001,1.584433001,0.000586000,1.585019001,9.535241001,0,18
1658137080.324759007,1785481666.795874357,418,34369,34845,984,0,72000,6376,3404,0.000000000,9.298789002,10.664126999,2.208128000,0.000657999,2.208786000,14.520731000,0,17
1658137080.424849749,1785481666.991740704,419,34845,35427,793,0,72000,5211,2622,0.000000000,7.233217000,7.860055999,1.351223000,0.000566000,1.351789000,10.371139000,0,17
1658137080.524818420,1785481667.191179037,420,35427,35963,929,0,72000,5083,2556,0.000000000,6.139821002,6.981111001,1.814507001,0.000751001,1.815258001,9.805417001,0,18
1658137080.624908209,1785481667.418225527,421,35963,36714,1109,0,72000,4988,2506,0.000000000,6.343501000,7.115109000,3.613371999,0.000726999,3.614098998,11.810242000,0,18
1658137080.724747419,1785481667.596705675,422,35384,36218,1053,0,72000,6089,3324,0.000000000,10.497222000,11.784007000,2.386570999,0.000570999,2.387141998,15.345830001,0,17
1658137080.824847221,1785481667.795777321,423,35928,36497,893,0,72000,5571,3092,0.000000000,8.937187000,11.081860999,1.769597000,0.000671998,1.770268998,14.328084000,0,17
1658137080.924810410,1785481667.991391897,424,36497,37248,966,0,72000,5228,2590,0.000000000,6.578787999,7.439297000,1.445742999,0.000719001,1.446462000,9.989762000,0,18
1658137081.024899244,1785481668.193410635,425,37248,37856,871,0,72000,5196,2615,0.000000000,8.106060999,9.219804999,1.435189999,0.000733000,1.435922999,11.968391000,0,21
1658137081.124731541,1785481668.397241592,426,37856,38159,882,0,72000,5401,2822,0.000000000,10.664927000,11.794082000,2.253180000,0.000716000,2.253896000,15.794251000,0,14
1658137081.224839687,1785481668.597047091,427,38159,38758,1082,0,72000,6305,3449,0.000000000,9.362597000,11.193433998,2.753649002,0.000792999,2.754442001,15.611982000,0,13
1658137081.324909210,1785481668.793338537,428,38758,39304,1000,0,72000,6140,3308,0.000000000,7.685473001,8.863831999,1.779283000,0.000550999,1.779834000,11.852718000,0,17
1658137081.424733877,1785481668.996179104,429,39304,39921,1091,0,72000,5297,2752,0.000000000,10.143387000,11.181575999,1.991640002,0.000832000,1.992472002,14.227748999,0,18
1658137081.524811745,1785481669.197223663,430,39921,40595,1141,0,72000,6143,3293,0.000000000,11.527380000,12.547683000,2.125920999,0.000562999,2.126483998,15.808988001,0,17
1658137081.624908447,1785481669.398263693,431,40595,41144,1060,0,72000,6351,3379,0.000000000,11.208528003,12.535608001,2.260506999,0.000610000,2.261116999,16.749536000,0,13
1658137081.724735260,1785481669.619931459,432,41144,41629,926,0,72000,4969,2504,0.000000000,9.162973001,10.183892999,1.797085000,0.000755001,1.797840001,13.467830000,0,18
1658137081.824832678,1785481669.791947603,433,41629,42163,980,0,72000,5024,2476,0.000000000,6.953688000,7.725750000,1.806001999,0.000618000,1.806619999,10.451778999,0,15
1658137081.924919367,1785481670.118360519,434,40974,41829,1194,0,72000,6240,3275,0.000000000,7.647006003,8.677108000,2.004144000,0.000683000,2.004827000,11.842147000,0,11
1658137082.024763584,1785481670.271118402,435,41829,42550,1121,0,72000,5889,3071,0.000000000,9.963646997,11.374714000,1.860488001,0.000575001,1.861063001,14.611176000,0,25
1658137082.124833584,1785481670.421576738,436,42550,43031,1022,0,72000,6206,3334,0.000000000,9.220733000,10.441255001,2.348554999,0.000919001,2.349474000,15.003375000,0,17
1658137082.224925041,1785481670.596203327,437,42903,43493,905,0,72000,5605,2782,0.000000000,9.372764000,11.315760001,1.892879000,0.000933000,1.893811999,14.397827001,0,18
1658137082.324779987,1785481670.793496370,438,43264,43916,943,0,72000,6041,3103,0.000000000,7.279025001,8.229639001,2.464838000,0.000749000,2.465587000,11.960061001,0,18
1658137082.424867392,1785481670.993827581,439,43907,44638,1034,0,72000,5833,2966,0.000000000,8.177409001,9.108200000,2.065725999,0.000605000,2.066330999,12.275887000,0,17
1658137082.524712563,1785481671.193223715,440,44638,45364,1143,0,72000,5297,2652,0.000000000,7.653623999,8.538945000,2.122060001,0.000839000,2.122899001,11.649934000,0,17
1658137082.624928474,1785481671.395936251,441,45132,45877,1079,0,72000,6287,3229,0.000000000,9.779214000,10.940771001,1.834618999,0.000679001,1.835298001,14.340533999,0,17
1658137082.724761963,1785481671.592838049,442,45877,46528,1009,0,72000,5549,2770,0.000000000,7.718840001,8.581453001,1.631227999,0.000532000,1.631759998,11.257369000,0,17
1658137082.824846506,1785481671.798961401,443,46528,47309,1148,0,72000,7025,3910,0.000000000,11.665531998,12.968245999,2.292941999,0.000797001,2.293739000,17.301116000,0,17
1658137082.924818993,1785481671.997010708,444,47309,47773,958,0,72000,5293,2746,0.000000000,10.839366001,11.982157999,2.365048998,0.000764001,2.365812999,15.430764000,0,22
1658137083.024910450,1785481672.200428963,445,47598,48384,1154,0,72000,7032,3887,0.000000000,12.605510999,14.065349000,2.594001000,0.000549000,2.594550000,18.828064000,0,18
1658137083.124746561,1785481672.394442558,446,47946,48678,1096,0,72000,6124,3200,0.000000000,7.931112001,8.949041001,2.267607000,0.000581000,2.268188000,12.823585999,0,17
1658137083.224844456,1785481672.594089985,447,48548,49217,1020,0,72000,5565,2767,0.000000000,8.721896002,9.590155001,1.903336999,0.000542001,1.903879000,12.509950000,0,17
1658137083.324917793,1785481672.799790382,448,49138,50015,1189,0,72000,6126,3052,0.000000000,12.024139001,13.818160998,2.946060000,0.000586000,2.946646000,18.146395001,0,1
1658137083.424769878,1785481672.998489380,449,49500,50348,1166,0,72000,5687,2946,0.000000000,12.406619000,13.438288001,2.376738001,0.000994001,2.377732002,16.840810002,0,16
1658137083.524865866,1785481673.195677280,450,50128,50619,1060,0,72000,6199,3253,0.000000000,8.605717003,9.780193001,2.649882001,0.000595001,2.650477001,14.002861000,0,17
1658137083.624713421,1785481673.397878170,451,50619,51147,1091,0,72000,5555,2569,0.000000000,11.510775001,12.345780000,2.784359000,0.000671000,2.785029999,16.191204000,0,17
1658137083.724925041,1785481673.597381115,452,51147,51990,1187,0,72000,5816,2923,0.000000000,11.530213002,12.497580001,2.037733000,0.000595001,2.038328001,15.693331001,0,17
1658137083.824763536,1785481673.796911955,453,51990,52028,996,0,72000,5904,3022,0.000000000,8.435843998,9.865522999,3.906488999,0.000649001,3.907138000,15.277843999,0,19
1658137083.924876213,1785481673.993349791,454,51504,52370,1127,0,72000,5921,2951,0.000000000,6.903124002,7.892414998,2.511663000,0.000506001,2.512169001,11.666660001,0,11
1658137084.024830818,1785481674.203042746,455,52370,53234,1401,0,72000,7415,4047,0.000000000,15.325171998,17.043739999,2.528954001,0.000708000,2.529662001,21.380026001,0,12
1658137084.124914169,1785481674.396276712,456,53234,53898,1214,0,72000,6094,3211,0.000000000,9.132492001,10.286752000,2.798191001,0.000599000,2.798790001,14.564513000,0,18
1658137084.224746943,1785481674.596580982,457,53898,54229,1061,0,72000,5970,2934,0.000000000,10.035293999,11.007235000,2.199224999,0.000622000,2.199846998,14.859339000,0,15
1658137084.324932098,1785481674.796802282,458,54229,54931,1152,0,72000,6416,3379,0.000000000,10.824073001,11.881441000,2.011807001,0.000570000,2.012377001,15.075578000,0,17
1658137084.424779177,1785481674.993539810,459,54931,55402,1272,0,72000,5738,2823,0.000000000,6.711942000,7.589630000,3.159458000,0.000597000,3.160054999,11.801211000,0,11
1658137084.524882078,1785481675.199056864,460,55402,55998,1249,0,72000,7092,3786,0.000000000,10.962798000,12.220689001,3.433668000,0.000724000,3.434392000,17.293284000,0,16
