timestamp,x,y,z,qx,qy,qz,qw
1658137038.7248368,-3.6709636554507834,-0.2844662400227484,-1.4453182577158459,0.10956501682410671,-0.00932668684552059,0.009768802252871068,0.9938878661616407
1658137038.824925,-4.024606248008664,-0.6467215989939621,-1.500620264389383,0.17090413253820683,-0.005594834989348769,0.01122347386234368,0.9852078506270859
1658137038.924757,-4.365375786503163,-1.1949970999299404,-1.5327320446157098,0.15556301562493619,0.000455305686428805,0.009756572766670713,0.9877776825552567
1658137039.0248413,-4.7113503403406405,-1.5402170386990608,-1.6256334244175044,0.17784841672897286,0.004551905052433303,0.012393029232797937,0.9839693255654891
1658137039.1232352,-5.051214485320188,-1.8478103325968893,-1.6080716748708987,0.16593908622222214,0.004375531160143303,0.010115583893934956,0.9860744136997278
1658137039.2248914,-5.396550679245254,-2.212502016177146,-1.6851591331682454,0.1673492998207267,-0.0011809638412792157,0.009745116852354418,0.9858487966576964
1658137039.3248525,-5.743799637650651,-2.5146954018693592,-1.6019690763220058,0.1530384107682765,-0.006503601785576435,0.010410160304798917,0.988144005980778
1658137039.423654,-6.079801239016054,-2.8448017112935013,-1.604100758178119,0.1548228083800707,-0.00771342063139383,0.009930329131311519,0.9878622321512207
1658137039.523622,-6.41259574308559,-3.2124357834298607,-1.5999043909946018,0.1575011567589593,-0.0076227629927622395,0.003629982332949269,0.9874827098902466
1658137039.623708,-6.7505659837146625,-3.5383423359651536,-1.7574420906173074,0.1756342081178512,-0.009166861978130112,0.0073351363398942975,0.984385488188007
1658137039.7217548,-7.080651950681518,-3.6733111221467953,-1.7994790769743123,0.17135654103262077,-0.006320980837802841,0.011322523402019547,0.9851237391873012
1658137039.824906,-7.426515777052136,-3.8063529259409137,-1.8263074295648412,0.16885424476845834,-0.00426977618426243,0.009611964159516376,0.9855849142412748
1658137039.9247477,-7.760355895578773,-4.011891005754989,-1.9144916475173295,0.16366899125953097,0.0006830925586400558,0.009791388086530859,0.9864664836698499
1658137040.023597,-8.087394166463998,-4.184260080134652,-1.9519725027334556,0.15929921452114554,0.00401579769955043,0.008789425272182697,0.9871830527440905
1658137040.087602,-8.304282354095568,-4.229681086360176,-1.9219357196277471,0.15893750774685841,0.004519822659731252,0.005555580513342212,0.9872626678647772
1658137040.2089803,-8.720718504001615,-4.410838253295001,-1.9016755002496715,0.16448130701277347,0.005967440719211172,0.005792148581414412,0.9863451425892559
1658137040.3082232,-9.068339040741241,-4.5860554693597235,-1.8898520109425385,0.1848045081460425,0.0018493049637165815,0.005518627063851218,0.9827580671738887
1658137040.4073136,-9.42212001008919,-4.673222533815961,-1.9025200887808762,0.19692791192766015,-0.0030281551778683653,0.006711649214415697,0.9803903210175171
1658137040.5248477,-9.844632095562586,-4.722597483242128,-1.887151691158224,0.18299306980059477,-0.005124072859802374,0.008272862101683454,0.9830660405257139
1658137040.6048565,-10.132381520106309,-4.809501871924233,-1.9060707005143869,0.19923509311541723,-0.004992303161335784,0.007022471283014956,0.9799138428849198
1658137040.7249258,-10.570438158048105,-4.84747947059745,-1.914464258542188,0.20631916018206747,-0.0050870256702111125,0.006355813343381169,0.9784508827469659
1658137040.8245203,-10.929146863574179,-4.89950806105008,-1.9245181413676675,0.20770799753890645,-3.0029777038244576e-05,0.0032970927110473254,0.9781853178392222
1658137040.924237,-11.28907450428149,-4.977203191303138,-1.8943493974783856,0.21795113999037638,0.0018434290064595633,0.00461831234722995,0.9759470136935878
1658137041.0247107,-11.645420428830581,-4.942943623146161,-1.8869060513528733,0.2148505644829396,0.00220387914931641,0.007256178456436618,0.9766174920265559
1658137041.1218913,-11.99118431096363,-4.888024617740387,-1.8943626516120564,0.2099318435489743,0.00031924207713796454,0.009887733308326077,0.9776659715253576
1658137041.2206078,-12.350368867523011,-4.890973142775105,-1.8796425584002519,0.21347820638962123,-0.002059052227898816,0.00885096889248831,0.9769055614798339
1658137041.319081,-12.716921146173354,-4.8640317557087585,-1.8830040520698983,0.2147360614067634,-0.0028052307010938697,0.009505857835955384,0.9766218271567548
1658137041.4247549,-13.116705435064741,-4.848555926878484,-1.8551648798176488,0.21634235222920695,-0.0012369392647315217,0.009948070494209295,0.9762660971818093
1658137041.5248368,-13.491364482670816,-4.84251668591342,-1.7932614748095674,0.20718878065682272,0.001906135300505443,0.008977542878307813,0.9782579309885472
1658137041.6241436,-13.869211332630933,-4.788545776649887,-1.7749207734130064,0.2096554467712956,0.001712729965039451,0.006006693673874251,0.9777553783162082
1658137041.7075574,-14.183822827845484,-4.750036405074064,-1.784709007564345,0.21095737238051573,0.00039672498253025295,0.006286652048637889,0.9774749652311221
1658137041.8064241,-14.554810689052452,-4.687264017678238,-1.7596449384470012,0.19632663648225854,-0.001400777922340005,0.00810374554696527,0.9805040637023658
1658137041.905148,-14.92168095906463,-4.701751717791467,-1.7674109778917793,0.198021415459269,-0.0026778433292894673,0.008127813622055603,0.9801603373021699
1658137042.024931,-15.353509017873614,-4.700705340454277,-1.7543754929911763,0.21015533732775107,-0.0025280370768122865,0.00940676998349668,0.9776194842062232
1658137042.1247559,-15.713700365729084,-4.686650514651397,-1.7846276143211242,0.21103775293756188,-0.0013328685750251296,0.010298940394279471,0.9774227448362083
1658137042.2243335,-16.074970895461046,-4.708875456919448,-1.7995801685458288,0.20696517363176578,-0.0003026351506875588,0.00949171372264388,0.9783022195038259
1658137042.3248987,-16.4301382483651,-4.7235099370812925,-1.7994355644551903,0.2052101393828269,-6.629429611085293e-05,0.009380778259459346,0.9786729766876981
1658137042.4218223,-16.770654595357836,-4.753858643088416,-1.8235524789615276,0.20661129573785217,0.0001934442619520545,0.008367008425860025,0.9783873099252722
1658137042.5204744,-17.116703703190677,-4.719440659528084,-1.8222805650283205,0.20787692528997836,-0.0015987772149346532,0.008635768174601871,0.9781155613481474
1658137042.6191485,-17.45786924158096,-4.701424285774633,-1.8335345503685105,0.20841141237986777,-0.0015639330891756374,0.01078230829016941,0.9779805617347523
1658137042.71764,-17.80106208322503,-4.720230796337644,-1.8249156520106407,0.21134003104621663,-0.0021685755607758804,0.009776938079776119,0.9773612945268348
1658137042.8196056,-18.15436326286607,-4.737919375466106,-1.8707323701696725,0.2113944665707732,8.853474172806177e-05,0.009690930456024267,0.9773527804900943
1658137042.9186544,-18.489934104693326,-4.71705467135012,-1.877842430683423,0.21321369389657097,0.0012958135135412126,0.009905836473148404,0.9769545107148287
1658137043.0248988,-18.84360581124408,-4.705041758222144,-1.8789067108436328,0.21342200843828027,-0.00020621191576570706,0.009945782943346016,0.9769094559847528
1658137043.1063707,-19.104301847118126,-4.747841440254176,-1.8742786557888218,0.21000018581672386,-0.0011188256222131009,0.009364107963172318,0.9776558615730727
1658137043.2218876,-19.46510553760889,-4.745286439379964,-1.8703079774766378,0.20863149205428252,-0.0025279485693601605,0.006952543363501299,0.9779663450957695
1658137043.3203719,-19.754315136977052,-4.767116991153252,-1.9077816793243112,0.2152375034962889,-0.0029842827138769146,0.006148208819592252,0.9765378183530034
1658137043.4247346,-20.047452226968,-4.7557606292098935,-1.948967544924984,0.21685448784025999,-0.0030957545605031517,0.006561887804550189,0.9761769762884419
1658137043.5243373,-20.31344913195654,-4.767074042348699,-1.9877724492071125,0.2149127289502657,-0.0026082958938727966,0.007085145162052246,0.9766040735352673
1658137043.6229703,-20.565310416160177,-4.773759908749013,-1.9770389573855223,0.21551458134651,-0.0027891269056390124,0.00832407546774265,0.9764611593738457
1658137043.7216175,-20.805242726461007,-4.813855730599567,-1.9986206166666252,0.21438306261165846,-0.0035284540841019588,0.009632949821878546,0.9766957861866283
1658137043.82475,-21.046408984661863,-4.773696323935602,-2.0068369681713607,0.21761100457633373,-0.0038359135351992858,0.010164527137021285,0.9759751117946985
1658137043.9223895,-21.26199705051838,-4.772724959433111,-2.0237400451835486,0.21959877968957392,-0.004895020141107253,0.007920061779670626,0.9755458407261235
1658137044.0214205,-21.455407132131203,-4.736206280933368,-2.023963096108971,0.2203617827341907,-0.006428783325072432,0.0059951507750828715,0.9753786001457679
1658137044.1099017,-21.605716502556106,-4.750935779787453,-1.9954159650224046,0.21773354563949343,-0.006872137951316748,0.004361882594905392,0.975974308475088
1658137044.2248516,-21.75751283700877,-4.747652473313513,-1.9882374792160484,0.2204386907080525,-0.006514777815939043,0.00312469925378134,0.9753740705818807
1658137044.3247185,-21.851150664306413,-4.751911063712087,-1.9767858148298614,0.21958218811778715,-0.005727911881279943,0.004335994375373092,0.9755675542163273
1658137044.4230914,-21.916941926281382,-4.783543717779618,-1.996754163521343,0.21913894663276398,-0.005214579006395163,0.0054743219047032644,0.975664369562668
1658137044.524904,-21.956497195354885,-4.768314243277156,-2.0131979463735545,0.22151049179264426,-0.005180310769990015,0.006440061683408516,0.9751229625086193
1658137044.624575,-21.980316913019738,-4.759491418126058,-2.003783775561089,0.21884442527193895,-0.005273629779924001,0.006785245894306483,0.9757219208332142
1658137044.7248235,-21.99144947809854,-4.77772599908689,-2.017937946906617,0.22077394761054192,-0.004415534136861919,0.006116765695087124,0.9752958280912212
1658137044.8240688,-21.99215652329892,-4.772275945271132,-2.0038755588960457,0.219328983478965,-0.004648529510949595,0.006249478803838544,0.9756198707458327
1658137044.922734,-21.98689006574383,-4.764478156929995,-1.988695966436419,0.21789561988733505,-0.004008126730375204,0.006322278536121482,0.9759433705641446
1658137045.0244179,-21.976504616995072,-4.766606422100614,-1.986941422065434,0.21729843795618672,-0.0037203284818831082,0.006088396627674192,0.9760791358513182
1658137045.1235335,-21.967736014621394,-4.777996171765397,-1.9803920380739295,0.21558353368790834,-0.003084584948475439,0.006181895065825176,0.9764609615912401
1658137045.222629,-21.957328395210485,-4.776633528307921,-1.9837084717298668,0.2162260621021224,-0.002451479939745233,0.005057226077211932,0.9763271504871109
1658137045.3110292,-21.950402598226557,-4.782169416217773,-1.9727850975861025,0.2159067593383993,-0.001917293193606865,0.0034608270807738426,0.97640596983769
1658137045.4098122,-21.943349533715715,-4.784121471013383,-1.9659536508846824,0.2159659037176757,-0.0010755901181202137,0.0013443976448966107,0.976399387613614
1658137045.5247407,-21.93662159212125,-4.781144386806301,-1.9665491129203527,0.2160585412994352,-0.0014192883073122322,-0.00018109768523050926,0.9763793625204558
1658137045.6239812,-21.93117951696071,-4.777069262102453,-1.9598367179933354,0.21617168980763615,-0.0023784953398900393,-0.000773135324358332,0.9763521626684507
1658137045.7225447,-21.928097537223437,-4.781952542956718,-1.9624165386683723,0.21586666097075857,-0.00320144442441057,-0.0006870327456115356,0.9764173612860954
1658137045.824763,-21.926150953970343,-4.771632572527812,-1.955472007893087,0.21543238343257665,-0.003003883342410454,0.0006115192318502094,0.9765139481326495
1658137045.9244628,-21.927513250802416,-4.774264252753113,-1.9466751429333196,0.21604831922765405,-0.0034701542574929302,0.002436585002149083,0.9763734658632539
1658137046.024792,-21.928773004619188,-4.7673345371885905,-1.95024297981618,0.21642911156041209,-0.004054553136017175,0.0033806653098212027,0.9762840628475205
1658137046.1237202,-21.92988675114867,-4.759527073214915,-1.9387647523319442,0.21624309592468235,-0.004984635137739515,0.00325665409089019,0.9763213974309609
1658137046.222251,-21.933741493736655,-4.752989084614532,-1.939941745039065,0.21767595403472115,-0.006213906795091229,0.002999280906915773,0.9759967063015206
1658137046.3248975,-21.935449736901646,-4.746614638363604,-1.9390811146921327,0.2163634517077698,-0.006078780779562389,0.00343760629964245,0.9762879124788041
1658137046.424736,-21.93651029043908,-4.736655913591579,-1.9263238824946687,0.2168067189234225,-0.005933945753471437,0.004687140773743732,0.9761852619399558
1658137046.524822,-21.93813517389713,-4.717494122365426,-1.9162798469981133,0.21789679236304668,-0.006369657589934973,0.005268608650207952,0.975936809994854
1658137046.6108406,-21.940545112155462,-4.710133596098286,-1.918770585378487,0.2168038073463537,-0.006580072990950454,0.004645445603079097,0.9761819664359028
1658137046.7200313,-21.94240556413288,-4.718136540496341,-1.9137868173316375,0.21576865215330673,-0.007431922437496855,0.004797059042180993,0.9764044466824864
1658137046.8233771,-21.943533461191734,-4.704901864594471,-1.915619090291661,0.21541545570256854,-0.008332534800749126,0.005190562577253971,0.9764731477968758
1658137046.9248018,-21.94610330074062,-4.683939440122185,-1.9258535058989565,0.21666295253804563,-0.009041870775574879,0.005159309784867661,0.9761909603622009
1658137047.0206544,-21.947899186670515,-4.682295347028407,-1.9270343825994212,0.21639449483786133,-0.008937259170763755,0.005003680826047448,0.9762522784508775
1658137047.1247168,-21.950642403875225,-4.673844155267855,-1.929654437004046,0.21477563375603267,-0.00771083349112437,0.00495008890126622,0.9766204312891437
1658137047.224819,-21.953573843415935,-4.66122104669665,-1.9233938582110481,0.21616235751747084,-0.006724879124505617,0.004941693750832136,0.9763217660464598
1658137047.3248487,-21.95510037868022,-4.646690935886246,-1.9217099412832583,0.21613296101949925,-0.0061555912675690366,0.00523572875149777,0.9763304968101156
1658137047.4231832,-21.95736316702799,-4.650787361760338,-1.916689158758024,0.21605219092302722,-0.0059628920250960555,0.005625178298196027,0.9763474033791082
1658137047.5194976,-21.956977773767477,-4.653049450470041,-1.9067850341861383,0.21527540741861537,-0.006903552953445469,0.005549697763605539,0.9765132056311665
1658137047.6110926,-21.959139678018882,-4.644474779125161,-1.9127226040709289,0.2155585700928871,-0.007596277228214616,0.006059365924765266,0.9764425653955936
1658137047.7129803,-21.95923854713939,-4.63562701508289,-1.9143123332639038,0.2157145227249069,-0.007449420665524399,0.006931640882925555,0.9764034530725199
1658137047.8222144,-21.96259593595447,-4.626505134033391,-1.9161722808250687,0.21638568719507842,-0.006014346122447487,0.007278561568038636,0.9762623031538655
1658137047.9249046,-21.968147519714602,-4.619383441536071,-1.9292490836891985,0.21642461771555926,-0.004355278767152131,0.007453697308234927,0.9762611632088655
1658137048.0247707,-21.970561552500346,-4.622289957853477,-1.9389473735794938,0.21665903161855868,-0.0034104663210318535,0.007861823653851767,0.976209723607777
1658137048.1248584,-21.972289842432627,-4.627144291434088,-1.9601661560304031,0.21581875269367778,-0.0031781069155915717,0.008425532130132935,0.9763919172291716
1658137048.2248259,-21.974224919200772,-4.630238368854147,-1.9621800719894262,0.21721349314372693,-0.0031064159530296395,0.008839991578445153,0.9760791479819017
1658137048.3247254,-21.976283618699558,-4.625603378706335,-1.9672369849417992,0.21624314497348895,-0.0026293599857623354,0.009421992008773097,0.9762905381005086
1658137048.4248168,-21.98000414953336,-4.616912771640448,-1.9682175833442026,0.21742726501703324,-0.0021822497079552854,0.009829173623860953,0.9760245947512034
1658137048.5249128,-21.982990167218027,-4.61154328331103,-1.9782903789368558,0.21697195619061685,-0.0015995514114859057,0.010383544323039829,0.9761213006944088
1658137048.6243622,-21.984923408747974,-4.599488524312664,-1.9878229312699895,0.21761851357983686,-0.0014306710018074135,0.010002225484381524,0.975981603931704
1658137048.7229097,-21.985068817697655,-4.600767350349,-1.9813036260950483,0.21779164172001422,-0.0012584129382022982,0.00944094561875487,0.9759488130734915
1658137048.8121696,-21.986611706541176,-4.6039779899617645,-1.9857683489777698,0.21746577578790488,-1.909503224023945e-05,0.008631664869788207,0.9760297794421412
1658137048.9248986,-21.988692679766856,-4.601080362274029,-1.9883974524392818,0.21788360212026864,0.0008977656970196972,0.007717216102309585,0.97594383778957
1658137049.023314,-21.99099520451396,-4.5972269407779285,-1.990259043805542,0.2179652830842127,0.0010132776329927862,0.00677968676950174,0.9759324487308124
1658137049.1248453,-21.99283351695931,-4.599702279277935,-1.9895890924391204,0.21851723325033018,0.0005752009381782372,0.006146699843240939,0.9758135610850539
1658137049.2247431,-21.994678076999723,-4.5968092539836505,-2.0036785300790467,0.21867875714643092,-0.0006870474478540158,0.006515604175436771,0.9757749105407872
1658137049.3242424,-21.996961337082325,-4.59230259240133,-2.00840450069281,0.21806844380286292,-0.0011602815853463855,0.006707124239019122,0.9759097407283313
1658137049.4224992,-21.997631230960387,-4.594793313027498,-2.01103331414602,0.2183717424462311,-0.0013067243077188244,0.007320775393387719,0.9758373229284562
1658137049.5216117,-21.998975385134692,-4.597944482183065,-2.0207882894829012,0.21629270948816673,-0.0014209775671873794,0.008218315192443891,0.9762929396141173
1658137049.620622,-22.001378327663055,-4.587774676034563,-2.027162663835996,0.21742716900398787,-0.001233316456526319,0.008755005806212782,0.9760365028945985
1658137049.7245684,-22.003896972832347,-4.585812428616149,-2.024015572508138,0.21691406957520556,-0.001057062344950733,0.009360599439508678,0.9761452495492722
1658137049.8248765,-22.004890694863423,-4.585448127108076,-2.0237329771982213,0.21570587109807735,-0.0014417583023677279,0.009044601385441298,0.9764154308963738
1658137049.9235036,-22.00744330400362,-4.589505059289698,-2.0240296134443865,0.21688539417673686,-0.0026240185037176493,0.008830595860555766,0.9761536051751267
1658137050.0249214,-22.009516289579466,-4.582708105466937,-2.0256421352189657,0.2169866147596133,-0.003702611396056992,0.008834865329186158,0.9761275761080537
1658137050.114825,-22.01144712142881,-4.592514414032808,-2.0247837897543954,0.21791029686400212,-0.003969771970280767,0.008323776547900423,0.9759252318569712
1658137050.2248561,-22.01222530353537,-4.586024685448751,-2.0320784293297547,0.2176281936128059,-0.003623359894539317,0.008637950874528599,0.9759867962285895
1658137050.312485,-22.01412250007938,-4.579709528950783,-2.0335519261977093,0.21871934306656182,-0.0032406272297203836,0.009003637069024982,0.9757408886703344
1658137050.41861,-22.015012614314205,-4.577108449491435,-2.029163401230885,0.21858024170169024,-0.003373336490595163,0.010177410898786703,0.9757600723773767
1658137050.5247643,-22.016434327138185,-4.575874458071685,-2.0338878187140783,0.2183870414242161,-0.0033505647133331875,0.010116348562026577,0.9758040445426557
1658137050.6236956,-22.01924928065495,-4.568155002297557,-2.0330963751911195,0.21820643697477674,-0.003608911418910505,0.009693297191332988,0.9758478193912506
1658137050.724798,-22.02124405717546,-4.560497732524654,-2.0415174503899625,0.21725741379273814,-0.0038247274658761224,0.009783014688989306,0.9760578262764211
1658137050.8217773,-22.022372283282525,-4.572310686602454,-2.0516685235172845,0.2159794676471459,-0.003641631400770216,0.010264972296837597,0.9763371540709164
1658137050.9205306,-22.024114046897463,-4.566446568434526,-2.0550692691998096,0.21616839451614744,-0.003966621696547629,0.009583354971853215,0.9763010040105802
1658137051.0240653,-22.025971708802103,-4.57575755932818,-2.051430093087883,0.21613868396972447,-0.0046703654323442135,0.007969707176525195,0.976318974898081
1658137051.1226525,-22.02892328971571,-4.579818996071555,-2.0439693062842923,0.21639780145010062,-0.005479873606963294,0.007274478910207439,0.976262794778821
1658137051.2133567,-22.030977836011214,-4.580312638110327,-2.0442480903636855,0.21379300539888987,-0.005661387590258768,0.007133716299344094,0.9768365316800857
1658137051.3248663,-22.033160003490043,-4.59564877383166,-2.034726228963295,0.2162493881478277,-0.004010527571578897,0.0070881420362043125,0.9763041923687097
1658137051.4149091,-22.03445584447104,-4.601670079040752,-2.0322682237649796,0.2165041206098717,-0.0026763896954942806,0.00744850792270527,0.9762496209611682
1658137051.5135782,-22.035020085518553,-4.610628481208197,-2.0370116797156563,0.21665784582669684,-0.0024670905452176596,0.007526149131001724,0.9762154723139707
1658137051.6122346,-22.034218599755697,-4.613073554903774,-2.0414531470806767,0.21733551921582012,-0.002716613761069291,0.00809909211290187,0.9760595764623001
1658137051.7241485,-22.033867329578257,-4.616174527919953,-2.03731728301717,0.21824989530128258,-0.0027018613282630433,0.008369759754963199,0.9758532831670659
1658137051.8248017,-22.03480300566896,-4.615539147309619,-2.0319027765003708,0.21925664014236484,-0.00305212287183012,0.007620420431266393,0.9756326867688793
1658137051.9240067,-22.0343932555364,-4.610833550236495,-2.0350141853306964,0.21861322214631315,-0.003284343770303532,0.006509093967012372,0.9757843531664611
1658137052.0229595,-22.035342305105324,-4.608794271303369,-2.0417462958273083,0.21831378453892494,-0.002967236612512927,0.00686547494607229,0.9758499640010742
1658137052.1216557,-22.036919453550915,-4.60906291973595,-2.038061800535311,0.21955306210379716,-0.0026965314908879378,0.008125757556134188,0.9755629932007768
1658137052.2196934,-22.038490946689784,-4.6039936575343,-2.0392216627275586,0.21834190443458973,-0.003138372132149396,0.009273705343029088,0.9758232226061241
1658137052.3236961,-22.038793619574584,-4.600889216897004,-2.047112679621049,0.21884616081590613,-0.003109514524872341,0.008820328864823845,0.9757145538600049
1658137052.424901,-22.03845176397934,-4.611271927153406,-2.054227783789243,0.21813600756668391,-0.00230179664257389,0.0070710694928630465,0.9758900470397605
1658137052.517163,-22.039461545088454,-4.622377050200755,-2.0538680380023653,0.21912753576430383,-0.0008396369999215782,0.005476243507547462,0.9756804952629592
1658137052.6159117,-22.039105128783962,-4.625499491894552,-2.0477709905745582,0.2200929631477679,0.0006303262533702483,0.005007015933314833,0.9754658477122856
1658137052.7145514,-22.03812484785688,-4.626250047089254,-2.0495605742409935,0.21986339530921953,0.0005064294584272917,0.005959962428574299,0.9755123319467109
1658137052.8132913,-22.037791071156434,-4.623946103199358,-2.0541754479657586,0.21992868908729143,-0.0013716329574509285,0.0060189151273063535,0.975496418753047
1658137052.9248242,-22.038319134965526,-4.6289265562533,-2.0448944712660895,0.2187160450394662,-0.004282372920465826,0.004956674367872807,0.9757665624029289
1658137053.0240207,-22.03876378900322,-4.627455195219283,-2.0370827782492484,0.21874824463097725,-0.005188857703054972,0.004164430999856991,0.9757586477920681
1658137053.1247485,-22.036874451425962,-4.623664769295319,-2.039450260544773,0.21956469924151756,-0.004306105688710406,0.005350323191671439,0.9755737667354929
1658137053.223866,-22.03784147120017,-4.621426961925478,-2.0472508814327144,0.23827131109340602,-0.007615801431835415,0.005548813928797506,0.9711529192368811
1658137053.324816,-22.039126362857193,-4.621997967523008,-2.048649806266256,0.26487764618125476,-0.009679990769591662,0.0053787483067991495,0.9642184396695507
1658137053.4186208,-22.03661156105156,-4.615026924839281,-2.057029992974295,0.28102371789058417,-0.004619418209124381,0.008771335062875764,0.9596496207676686
1658137053.524744,-22.03660316460343,-4.618855266577552,-2.0659337979438464,0.2929296127464174,0.002675143736541481,0.011569466570099414,0.9560602664191512
1658137053.6181777,-22.038264249817406,-4.615206293977802,-2.0632693984682833,0.3002685866811202,0.006981578304523378,0.009035791713307942,0.9537863428907787
1658137053.7145827,-22.037650123549675,-4.613831134243116,-2.0631179010847998,0.30214292372922485,0.005971685948449543,0.00839440035332151,0.9532069694719756
1658137053.8249202,-22.036831465479498,-4.613112125101168,-2.0633706406667547,0.303929861860089,0.002157590370349256,0.009050458338840963,0.9526489768415799
1658137053.9153697,-22.03709493349139,-4.610016505414289,-2.0602817137661935,0.30470212955740783,-0.0006976310535771811,0.009973133113360188,0.9523952237227716
1658137054.0140722,-22.03971485794212,-4.614200964113977,-2.057627725000469,0.3032213081579921,-0.0027686004449113235,0.010254780480246122,0.9528609618447931
1658137054.1158915,-22.04579111213937,-4.6113991386876,-2.053775239180896,0.304724484339278,-0.003334126295165605,0.00951795981156066,0.952387148530986
1658137054.2249095,-22.062285058574414,-4.610895858451817,-2.0449098108438015,0.3027924252021939,-0.004564280542860944,0.008221318337589939,0.9530101387225841
1658137054.323618,-22.086468348667395,-4.608926741750254,-2.039897547081159,0.3008814782907684,-0.004693401317873778,0.006037749075180596,0.9536308791097754
1658137054.4248333,-22.12534872803191,-4.599786336503988,-2.0386862714285527,0.3007799718608547,-0.00313237446948397,0.0012380395256507315,0.9536876134330602
1658137054.5235739,-22.177694652759737,-4.59382195441402,-2.0362804195913577,0.2997384375507775,-0.001307076371652286,-0.001829004416057442,0.9540187709624852
1658137054.6214356,-22.24974375090245,-4.590198010888295,-2.0240669548785193,0.299479144820071,0.0010875818912275703,-0.0020410594574892505,0.9541000435277773
1658137054.718603,-22.339973951680985,-4.569383470620427,-2.022217225899249,0.30094295675590993,0.004324811634772484,-0.0009896402669568492,0.9536318227677922
1658137054.8248281,-22.464613382007066,-4.558280642109754,-2.024596106710751,0.3007582905024262,0.007563966427410566,-0.0013990501197118025,0.9536693765475805
1658137054.9233704,-22.607196938465556,-4.544688469772908,-2.016838798210528,0.30096992786350274,0.009726310958496917,-0.0038907785720640672,0.9535760920026393
1658137055.0247648,-22.782785770424773,-4.5383003835385685,-2.016314878320079,0.3009128516545222,0.010629952366535526,-0.007737784218210307,0.9535610030392216
1658137055.116762,-22.971620254471418,-4.512971926753202,-2.003127379122824,0.3018639173974527,0.010780500419412024,-0.010913020858446561,0.9532276024957832
1658137055.2154617,-23.20185117349573,-4.484438796779991,-1.9831969628751758,0.30199995305248006,0.011383856101315423,-0.012339092945842678,0.9531601035302426
1658137055.317264,-23.470052876106873,-4.459197858260675,-1.9731385923263427,0.3009712881973834,0.010967873329175232,-0.014174067617327476,0.9534647792354818
1658137055.4163184,-23.75693242455842,-4.426985082167832,-1.966798837196712,0.3017823119810076,0.009090824635241024,-0.014789455954023803,0.9532187918182141
1658137055.524756,-24.091266520564915,-4.394860784994132,-1.9582711702583095,0.3015925389588869,0.007192878906617765,-0.012779139395753746,0.9533241298391715
1658137055.6249127,-24.411927790205123,-4.385269073300086,-1.9234806992684288,0.29996108168732344,0.0073590455575525465,-0.009971682609005288,0.953870934386482
1658137055.7247486,-24.742659775204398,-4.350745761000038,-1.9003115123600596,0.30078350879511306,0.006507736439498732,-0.005822401937910311,0.9536524680610587
1658137055.8237214,-25.071919922295496,-4.329524457050536,-1.890310475609815,0.300049880349816,0.006683311061461092,-0.0028174469914879763,0.9538959401568431
1658137055.9249165,-25.411014152524867,-4.2803809661707195,-1.8669486111188378,0.30004297647875255,0.006978388969640133,0.0013740023258380048,0.9538991699706569
1658137056.018064,-25.7278718229397,-4.242466727246609,-1.856319506268878,0.30051954160334987,0.006169633918460999,0.005584923750523958,0.9537393508493119
1658137056.124671,-26.087872648266753,-4.199573484166664,-1.8450745449311508,0.3002435735959025,0.003942233536856898,0.008078752099161578,0.9538202079394019
1658137056.2189305,-26.408316680050255,-4.134747155281539,-1.8394141777612998,0.300756344258697,0.0025376442353104434,0.009955770849314594,0.9536456702447799
1658137056.321242,-26.74948008876864,-4.073418789322673,-1.804102577227671,0.30180372237157627,0.002474267230240847,0.011827042483534628,0.9532935079136786
1658137056.4245865,-27.090365671500187,-4.024551650344261,-1.7975824594261434,0.3031098269977292,0.0029349862069879113,0.012938250859661484,0.9528632747136416
1658137056.5248275,-27.413817691565914,-3.9929724452175015,-1.7494363174580356,0.30099828368596193,0.0022950040292738123,0.012086619773303428,0.9535453213125251
1658137056.6236222,-27.732468586512205,-3.9356317369362697,-1.727362436820536,0.30148963521768507,0.002620900488735917,0.012776367996218993,0.9533802468887745
1658137056.722171,-28.048384950714944,-3.8910914752180927,-1.6896921387160075,0.30147085365315823,0.003360770586788327,0.012171657476308466,0.9533917769589368
1658137056.8248496,-28.37684511842976,-3.8436983192120984,-1.6751045924583805,0.30167073977815967,0.004249235729452432,0.011331248541449759,0.953335361540652
1658137056.9241667,-28.689000730749495,-3.800393514832614,-1.635231680276796,0.30161523035345356,0.00625931647633539,0.009352918406704967,0.9533633078178014
1658137057.024523,-29.002693791754496,-3.7707757640658652,-1.5863347438811377,0.3019834459701306,0.005574381365434067,0.00670924631214539,0.9532732612668108
1658137057.1232853,-29.309585776204983,-3.729943193885251,-1.54055761484985,0.3007319344808376,0.0019953678277097177,0.0067556625171782715,0.9536826951950736
1658137057.221307,-29.61003207159139,-3.694928260652232,-1.506203000341999,0.3009751824021282,0.0005324764881515554,0.0071755072524272235,0.9536048280825794
1658137057.3247488,-29.92742902316065,-3.6447727566134063,-1.505862515975592,0.30100579884485834,0.0003914417004604512,0.007561554157599961,0.9535922497240769
1658137057.4240832,-30.230152896136914,-3.6109388684334944,-1.4908571155829151,0.29980634017981067,-0.00039977864854697686,0.007371542803453656,0.9539715189258313
1658137057.5247426,-30.542759232311305,-3.595451558095661,-1.4584695577808098,0.30209405643009135,-8.298484259980318e-05,0.007862135946506322,0.9532456981289917
1658137057.6248364,-30.8558413963319,-3.5540717519500493,-1.428867810135327,0.30261502306393817,-0.00046164182955796154,0.00796950614685019,0.9530794414289661
1658137057.724896,-31.1666460270319,-3.514806021697199,-1.4044634848699458,0.30303170810318136,-0.0028518354007596365,0.006881263013370069,0.9529513624200324
1658137057.824671,-31.471547682899885,-3.4809754040807666,-1.3855658367816581,0.30310125832470425,-0.0010716575802081248,0.007460536532827418,0.9529285488149642
1658137057.9248483,-31.781997898881507,-3.465825007989576,-1.3501679103810014,0.3026499983394574,0.0030355087935649695,0.008277866011200138,0.9530609849981958
1658137058.0247576,-32.09292217507991,-3.4417025359089903,-1.3053700415486418,0.3009596069590941,0.004729460487630007,0.007622563436882174,0.953594695721989
1658137058.124892,-32.40109777634177,-3.425773689155547,-1.24446147164388,0.3006476167206262,0.004083155323185469,0.006479770374492532,0.9537045407140758
1658137058.224744,-32.70114197391105,-3.3774057968040103,-1.2086669831043446,0.29945133518911476,-0.006253186623347136,0.016082211732496732,0.9539555324941723
1658137058.3243525,-32.9758164020017,-3.3341052190026463,-1.185480130152541,0.300639454454818,-0.015466640073090218,0.03569555197304708,0.9529441374179484
1658137058.4230595,-33.21514638018328,-3.299421018769098,-1.1605377263721848,0.30014077915369847,-0.023546404948992208,0.052678404995711886,0.9521481319364313
1658137058.5217297,-33.433062085583714,-3.271793658416106,-1.1370672906377708,0.30012401532471267,-0.02553607011246258,0.055452827471065065,0.9519445721647801
1658137058.6248178,-33.627368864174834,-3.250447449244386,-1.1057580849981892,0.30051194788048247,-0.023398877595042156,0.05038349326070106,0.9521588970939452
1658137058.7229033,-33.77600245528687,-3.2248810672910886,-1.0916967441622554,0.3018835243015666,-0.02006936690617809,0.0436848690235008,0.9521319186360621
1658137058.8247464,-33.88739338007629,-3.187412869788105,-1.075563296680889,0.30190726578187893,-0.015807155237299576,0.03741323522284026,0.9524717247989635
1658137058.9248297,-33.9632886514185,-3.1609513230455604,-1.0601369827602534,0.3017036613554853,-0.012289552122976293,0.03773430931727241,0.9525754508350495
1658137059.024825,-34.01466289785567,-3.150308593725914,-1.051763853895997,0.3012113157037662,-0.006299361912184562,0.03300014835905242,0.9529653989205085
1658137059.1248994,-34.040509531411544,-3.124094619577774,-1.0424791455756126,0.30061003246468093,-0.002369924813005176,0.02986439982328677,0.9532765125928032
1658137059.2236767,-34.050806383271,-3.1149318635323864,-1.0320512668075785,0.30064677179172655,8.751900904844953e-05,0.02662050736611027,0.9533639701284842
1658137059.3247514,-34.051767572944726,-3.1051154080635053,-1.0317703084033343,0.3009459529894667,0.0037659491107188336,0.021659237186226327,0.9533877639507473
1658137059.4249175,-34.042656527414096,-3.1009016689999522,-1.0317042706682389,0.3003884221840269,0.006018658791490806,0.018716540735389416,0.9536143154687748
1658137059.5243156,-34.0369036997907,-3.0999095309019196,-1.0202890128292075,0.30019147216898023,0.007643759275719378,0.016933511803021956,0.953698017801814
1658137059.6244135,-34.02824034336746,-3.0996250682062008,-1.020019247276984,0.30015572996030093,0.007444015134313919,0.015076816827484546,0.9537420059979359
1658137059.7225604,-34.02013286273462,-3.10182536825326,-1.0175649520563714,0.3000059314671017,0.007953499998526917,0.013004995115213502,0.953815523581117
1658137059.8245442,-34.012624124584896,-3.1057717335030137,-1.0146386706623574,0.3006285941248419,0.00961701955353825,0.009383183706129552,0.95364664168281
1658137059.9248712,-34.00585333858637,-3.1096590802254935,-1.0050643656345737,0.3005628541249977,0.011765062279531582,0.006493952407490803,0.9536673333043659
1658137060.0226479,-34.00203167292557,-3.1146469487857,-0.9948936068745444,0.3006616577995454,0.013290524447830788,0.004397766354820959,0.9536281188912982
1658137060.1216905,-33.99592839508408,-3.1136914266225646,-0.9815369498802848,0.30103680438668895,0.012678573830990032,0.003909991497582233,0.9535202190497524
1658137060.2246783,-33.992651584137555,-3.1075688267170527,-0.952477208526071,0.3001716640099587,0.010131186951763758,0.0049704560127487515,0.9538184448538428
1658137060.3248641,-33.99150992186169,-3.1122488896236336,-0.9288490290850395,0.30002590926801076,0.0068029271761914836,0.005898135209529751,0.9538885605513493
1658137060.4247136,-33.99169462633258,-3.109440948010649,-0.9146158664710919,0.3001569920631847,0.0033814770305217864,0.008210258248295568,0.9538484876478572
1658137060.5233033,-33.99123532745764,-3.1182731235415813,-0.8947938888442833,0.2999699876607718,0.0010974923727197512,0.010253240405657093,0.953892904405105
1658137060.6245127,-33.9920871695148,-3.1224681344225624,-0.8813414001213,0.30066842005786576,0.000981231725333077,0.01217581799595971,0.953650506118605
1658137060.7246673,-33.994942689061716,-3.1313986128467417,-0.86870751230675,0.3010937997248967,0.000832849141654341,0.012922382742874066,0.9535066030991668
1658137060.8248038,-33.99760323033606,-3.1391909248427785,-0.857508492682924,0.3001946587427585,0.0016617509213397207,0.012750364913225743,0.9537912945926419
1658137060.9249082,-33.99880948893113,-3.1377368299353634,-0.8488785164782526,0.30084141941618037,0.0005929051374757932,0.01163989884086783,0.9536029580396992
1658137061.0247548,-34.00111875200285,-3.141481776819178,-0.8432177637991977,0.3003452809862328,-0.0008564354601574915,0.010196011485092502,0.9537756654776497
1658137061.1247222,-34.00398335015399,-3.1503312710067086,-0.8219379924509113,0.30040245803603927,-0.002346269854450566,0.00917866622648333,0.9537654902070591
1658137061.224813,-34.0084676614176,-3.151130583089121,-0.8105562924715269,0.3002735832162083,-0.003980050201228402,0.009455513380656373,0.9537979490906526
1658137061.3226097,-34.009598681320654,-3.165563751123963,-0.8065129840539758,0.3002080897711709,-0.005047359104960767,0.01034048737168029,0.953804330731864
1658137061.4247353,-34.010274757097704,-3.1774239559198243,-0.7950111942211431,0.30013237012947125,-0.004479605265257768,0.010598240048810397,0.9538281663092855
1658137061.5247774,-34.01148444890934,-3.1825207810798704,-0.787057943048839,0.3000430517463206,-0.0031162814496391916,0.010179807412079097,0.9538662523696224
1658137061.6249015,-34.01454146011294,-3.1857215944456367,-0.777341358296323,0.2996746064885072,-0.002291014775347891,0.008679163735193188,0.9539992419253005
1658137061.7240658,-34.013524732074146,-3.193441837758972,-0.7685341166941451,0.2990981918983698,-0.001820470094801545,0.007516143653361667,0.9541910003119267
1658137061.824846,-34.011942978111136,-3.1928644997354754,-0.772437850735861,0.29947535638149747,-0.000306691141621735,0.007448500018752211,0.9540749114760964
1658137061.923822,-34.012727941375466,-3.190097794240676,-0.7738692631019395,0.29969802504408916,-0.0004759095654963632,0.008707036441580294,0.9539942635105807
1658137062.024782,-34.01285220558438,-3.194180031197866,-0.7746229807964355,0.29953990178134804,-0.00022300503742303713,0.010055741291586172,0.954030753999358
1658137062.1238697,-34.01216977150564,-3.1945479251428206,-0.773276331283648,0.2997878453666125,0.0003314953182023615,0.010813305228740935,0.9539445530591705
1658137062.2247446,-34.012219245357024,-3.2065210501416828,-0.7844648022321439,0.2999872350539724,0.0006042985718494047,0.011021196742277098,0.9538793565489343
1658137062.3224144,-34.012209233959,-3.210250792847003,-0.7816350970246728,0.30007333808329556,0.0010847956403466,0.00965447882219482,0.9538666605079403
1658137062.424602,-34.01363623134721,-3.2062416517216428,-0.7859175346546273,0.30010981186497543,0.0015514887554049248,0.008387905714659818,0.9538665193530304
1658137062.5249066,-34.014296843498634,-3.2155377075552485,-0.7883091802526375,0.3000742497456012,0.0020702872697286735,0.00857448880367113,0.9538750634605786
1658137062.6230376,-34.01336296154716,-3.2127611070245554,-0.7965789561222972,0.3001320684358823,0.0019425696770907644,0.008997691054466114,0.9538532431538249
1658137062.7241585,-34.013405981182586,-3.2194157916768784,-0.7919872827313168,0.29936613872439305,0.0008418376720992108,0.00872391351043518,0.9540980555622028
1658137062.8248606,-34.01529089088954,-3.223350727386481,-0.7959446792983927,0.2993277218645728,0.0007980571415588931,0.009552781599944823,0.9541022075185656
1658137062.9247382,-34.01469200222209,-3.2179724657126036,-0.8037274023983012,0.29919310610082184,0.0017422609040916618,0.011108790563131422,0.9541263252635055
1658137063.023866,-34.01344444019327,-3.2119123653790362,-0.8143179280372801,0.29951035807215615,0.001952095181327792,0.012788274223051068,0.9540053431581076
1658137063.1248007,-34.012573694427914,-3.208516587958308,-0.8253351913973609,0.2991101960150563,0.0015882577834511569,0.013629649173902015,0.9541199089948683
1658137063.2248878,-34.01249323046992,-3.2174627094843053,-0.8307895351608038,0.29885296254411525,0.0010134983085393287,0.013002376274142202,0.954210049103939
1658137063.324566,-34.01245326027177,-3.2153306899881438,-0.8332158564859914,0.29904109290688646,0.0017099743853340984,0.011709616824440399,0.9541668541792954
1658137063.4248893,-34.011784673657,-3.2213661234147737,-0.8447794636147683,0.2992143791900001,0.0015639468639091405,0.009930250534226056,0.9541329569197405
1658137063.5234911,-34.01100237149609,-3.2221812664044784,-0.8490460399519074,0.29976138141408115,0.000998384318834621,0.008953526521729573,0.9539716724327973
1658137063.624814,-34.0109207177081,-3.2234545690367007,-0.8543507852798186,0.29986103786929813,0.0007461682412816866,0.008982702437250143,0.9539403085401922
1658137063.7248247,-34.01069304327947,-3.2241106376016817,-0.8544910420943956,0.3005012015638888,0.0002669391403247814,0.009696152710601593,0.9537321118766513
1658137063.8247573,-34.01058975168208,-3.2181506030820297,-0.8641515145214653,0.2998503025539072,-0.0006052737981652913,0.01104709412722856,0.953922109720303
1658137063.924858,-34.01007220763627,-3.215506039367746,-0.8723653105852363,0.2995916952333247,0.0007499877540335633,0.011817275045098703,0.9539940281133993
1658137064.0208392,-34.009944455913235,-3.2140600855866244,-0.8822696707458246,0.2997201993688451,0.002684538756071624,0.011591131896433515,0.9539529553406997
1658137064.12491,-34.01022045097494,-3.2202729077993397,-0.8928966432552582,0.29910504397644494,0.004230372777387315,0.011135792196541866,0.9541458330601761
1658137064.2247424,-34.009513946886074,-3.218134595552284,-0.8978412082736432,0.2989981780417735,0.00413536279915588,0.011493609083412832,0.9541755002369248
1658137064.3248756,-34.008100113326726,-3.2145972836700962,-0.9118560904595789,0.2997731061887395,0.004376335730786931,0.01238167315971263,0.9539201364166814
1658137064.4246757,-34.007838033154584,-3.2150787055699537,-0.9154358979367644,0.2991416164771075,0.004774840042554207,0.013310586912293143,0.9541039369324547
1658137064.524802,-34.00830183893012,-3.224963628402173,-0.9124637963456843,0.29921382063218827,0.00487044075245632,0.013363995056177863,0.9540800658150408
1658137064.624883,-34.00686395671864,-3.227678869846592,-0.9171060593699221,0.2994396623433954,0.0039765191153877605,0.012064702893631483,0.9540306697666565
1658137064.724464,-34.00861760608173,-3.2355056484919764,-0.9197075652812408,0.29918220790608835,0.003156188098399966,0.010162677629616378,0.9541366594636488
1658137064.8248072,-34.00978175068845,-3.2411517677648414,-0.9268810684053219,0.2989942829817138,0.0020622291536723345,0.009140884808411699,0.9542088923186666
1658137064.9248762,-34.011105834840585,-3.2421625585984235,-0.9259914419089081,0.2990310465990053,0.00020282656281787415,0.009692053618538816,0.954194139642386
1658137065.0247412,-34.01185930064539,-3.246250316932427,-0.9318558606497862,0.29862347440787074,-0.00089954294178877,0.01068616534258028,0.9543107550610899
1658137065.124837,-34.0110858124956,-3.24015382247069,-0.9359055796912777,0.2983651188951412,-0.0011526297969806903,0.010401477192549252,0.9543944344679404
1658137065.224909,-34.01336042919142,-3.2368644916092535,-0.9416247640457287,0.2983133443356002,-0.0003589417311829417,0.010477026844833485,0.9544104209723213
1658137065.324745,-34.01274562505331,-3.2390038123450937,-0.9346220618283556,0.29799270982067894,-0.0003209912928601205,0.011142324176832785,0.9545030594346909
1658137065.4246922,-34.01289408782548,-3.2420808517222377,-0.9370027867232389,0.2974817368195159,0.00012802440964258848,0.011778062715636882,0.9546548471082041
1658137065.5243282,-34.01327149198105,-3.2495772337312387,-0.9439945950007173,0.29827655562940036,0.0009345267888119963,0.011866133048996412,0.9544052692163496
1658137065.6247048,-34.0141287687012,-3.2520420899742075,-0.9422985831376666,0.2983354419164241,0.002910548103726443,0.011626651601900953,0.9543858306674103
1658137065.7248025,-34.01555184797749,-3.261324127940789,-0.9474945185957833,0.29854174205801887,0.003154369837573474,0.010823510966723241,0.954329989998308
1658137065.8234744,-34.01784293776989,-3.2724886974511636,-0.9541759509975738,0.298785536794085,0.002240575700181124,0.01045868035387181,0.9542603412216101
1658137065.9247227,-34.02053796048531,-3.2820974961471148,-0.9579160363310412,0.2986491602897575,0.0007536905995202122,0.009767852466108446,0.9543126846410614
1658137066.0241308,-34.02222879274134,-3.287430897594712,-0.9617575621959947,0.2982451684828082,-0.0006409348356441638,0.009692592416469765,0.9544398683685489
1658137066.1249187,-34.02315677459997,-3.291634085094223,-0.9632609672305739,0.2982505834474699,-0.0015045587906792645,0.008627645135628892,0.9544474262710492
1658137066.224697,-34.02430622921674,-3.2960917808530747,-0.9738119753487976,0.29883262580684333,-0.0008032384085543868,0.007513651737900108,0.9542756214003028
1658137066.3241851,-34.02453654544937,-3.300204608329468,-0.9694347058714836,0.29851050772651466,-0.00020095887760510878,0.0073671388529483635,0.9543778924815031
1658137066.4230723,-34.02500305211135,-3.3041398093533765,-0.9665294430046938,0.29898944393963145,-0.0003923447029180205,0.007757039114381043,0.954224809372722
1658137066.5218792,-34.02630296515657,-3.3043436646760243,-0.9690384232275622,0.29920182711863946,-0.001858308506151465,0.007466291710053425,0.9541588273586269
1658137066.6248047,-34.026532383002696,-3.305853349531783,-0.9628203424781343,0.29904117076347025,-0.002904592705719083,0.007125013123063417,0.9542091886570518
1658137066.7249093,-34.02660946158239,-3.3142486309289545,-0.9725932381784199,0.2990673106943077,-0.002183925355969176,0.006652512942994442,0.9542063289538494
1658137066.8240051,-34.027051106365306,-3.319255823459465,-0.9718075241558606,0.298920413546997,-0.0013331115154416025,0.006408876716773793,0.9542555923219591
1658137066.9248526,-34.028488913747175,-3.327853687317257,-0.9749168068471891,0.29785922327099806,-0.0010743571892800402,0.005405168108130827,0.9545938995335526
1658137067.0248091,-34.0283647784922,-3.3359497178806445,-0.9732234211824855,0.29868308345966077,-0.0007319521689580716,0.004610585988013016,0.9543409361427508
1658137067.1249006,-34.028133979932086,-3.338314478836978,-0.9723226229496915,0.2987478747802998,-0.0018075244393559301,0.004328496815029946,0.9543205458780096
1658137067.224125,-34.0293801179166,-3.34971391670316,-0.968016146375188,0.2986538833204106,-0.0033516855570463063,0.004167048945861208,0.9543465093374485
1658137067.324069,-34.029724138967445,-3.34795721671901,-0.9776391664328119,0.29922006674019824,-0.004152472222135565,0.004484171880386579,0.9541645564769775
1658137067.4247062,-34.03051883426594,-3.3521395056013206,-0.9734946946191968,0.2984083541663937,-0.004212950061215772,0.006081651641605095,0.9544096178940784
1658137067.524614,-34.031674558807836,-3.357805347984365,-0.9698529523748868,0.2989954707646863,-0.004039664780404263,0.007810808100896185,0.954214012078737
1658137067.6242085,-34.03022231612436,-3.358397828626426,-0.967275267834084,0.29877288828391757,-0.003670980662826771,0.0075959756884232624,0.9542869517502183
1658137067.7230055,-34.02837767581995,-3.3528996241155262,-0.9767313446755512,0.29887236994050204,-0.003785737487998184,0.005836163055521932,0.9542677369997019
1658137067.824851,-34.028379375753275,-3.358797888854373,-0.9740052273469543,0.29887257266385653,-0.003426720648654145,0.004070507156015606,0.954278195216835
1658137067.924172,-34.02754443712685,-3.3567427969052535,-0.9775526804294868,0.29867019190903143,-0.004050386543502056,0.003537918668410737,0.9543412355993481
1658137068.0247617,-34.0276474893258,-3.3542617380348494,-0.9704319588743453,0.2982628445006295,-0.00436156906219872,0.003653616254040188,0.9544668162874504
1658137068.1247602,-34.02802465103765,-3.357577848032259,-0.9635426926143849,0.2984839623405039,-0.004975683823774107,0.0051263427066659106,0.9543879124372732
1658137068.2248583,-34.026532935169705,-3.3536191934446706,-0.9587433950330457,0.2983640772608914,-0.0060057549161998255,0.007718138519551849,0.9544020319791133
1658137068.3240533,-34.02795369371888,-3.351654917863609,-0.9560050047404451,0.2985799594871421,-0.00758333854524065,0.010368266693010931,0.9542981713358101
1658137068.424672,-34.02909700935091,-3.3532087418707,-0.9585153642871954,0.29869027414368904,-0.008852960916299871,0.01190433391764992,0.9542347887437779
1658137068.524617,-34.02915824782767,-3.348715040897052,-0.9636895871616152,0.2990831349600949,-0.00908892204484452,0.011966446002203717,0.954108732822682
1658137068.623314,-34.03042872458945,-3.3485492823337344,-0.9604296962190831,0.29905137233066165,-0.007955449637525983,0.01123246599447734,0.9541377359877445
1658137068.7247643,-34.031202989631005,-3.348023105350579,-0.9551533882933135,0.29898921904651365,-0.005620484438654705,0.01023497757554017,0.9541850461428235
1658137068.8248553,-34.032145419014775,-3.3495955953485925,-0.9519523244736463,0.2994167904785909,-0.0034826406053554814,0.009889604031528028,0.9540648052024224
1658137068.9236453,-34.034603776895686,-3.351259349855845,-0.9366888152174799,0.2997144239634408,-0.003283221131602311,0.010815517960884365,0.9539620061084324
1658137069.0222504,-34.036403144248254,-3.3498823717973862,-0.9387937141498386,0.2996795110017701,-0.003517462373147509,0.011098129379704133,0.9539688934490415
1658137069.1247342,-34.03715496481367,-3.3501265124265696,-0.9401786875703819,0.2997841782092149,-0.004696102142182023,0.011157350801325879,0.953930242021457
1658137069.224832,-34.03704815073764,-3.347460470417745,-0.9435445967281636,0.30011757102658093,-0.00425917943164378,0.01031903776365906,0.9538368940291783
1658137069.323527,-34.036632931780275,-3.3490200430027417,-0.9461972614545199,0.3001070332041136,-0.003462585900558559,0.008989281999125217,0.9538568927933422
1658137069.4249225,-34.03790228026351,-3.3524534340025482,-0.9505364730803781,0.29977874170593416,-0.0029016866912808825,0.007935652983265174,0.9539713369107089
1658137069.522895,-34.03981415257481,-3.355517096311355,-0.9556395008874716,0.2995549974810603,-0.003402179193667351,0.006279212443463849,0.9540523047254117
1658137069.6239488,-34.04207413182525,-3.3546903388854874,-0.9506723139916042,0.2992297311051932,-0.0045194662648944195,0.004861654967978474,0.9541580093246027
1658137069.7248507,-34.041707822837886,-3.349842978877558,-0.962187657359871,0.2989436957529658,-0.005684527824651629,0.005096349070469671,0.9542402109212562
1658137069.8246298,-34.04092948231521,-3.3493449766054275,-0.9609292249470491,0.2982076212566031,-0.006385560653329026,0.007101457745222117,0.954453251101088
1658137069.9232583,-34.03966186678182,-3.348153283339522,-0.9553729480783844,0.2984289804369287,-0.005417512033680447,0.009522931364813839,0.9543689579910296
1658137070.0248652,-34.038461268051094,-3.3469967885524596,-0.9568552980651022,0.2986772991300724,-0.0025364528818904975,0.01111430111521485,0.9542860733039047
1658137070.1246774,-34.038992816896666,-3.34763603828392,-0.9546212670161252,0.2986202131723452,-0.0007557262077895283,0.010388864854813416,0.9543151830761948
1658137070.2233963,-34.04009075244903,-3.345453619467732,-0.9565201797708803,0.2979297447743689,-0.0005488422631362306,0.008526567001440688,0.954549560581293
1658137070.3228576,-34.04261309883801,-3.3543783575311314,-0.9611816983419216,0.2978988604984905,-0.0010878446025767007,0.00679851785992205,0.9545726089002604
1658137070.4249046,-34.043850606322714,-3.36289210101367,-0.9635729598264507,0.2973794433395159,-0.0018716950440524393,0.0056677262464388456,0.9547407188948509
1658137070.5245028,-34.04310801724701,-3.366496264109278,-0.9716684079875809,0.29722653356605616,-0.003135468778988133,0.005514011717950444,0.954785919593778
1658137070.6233482,-34.04334358353574,-3.358781600059045,-0.9747060593656073,0.29693425897998,-0.0034634807024863574,0.005998895569463506,0.9548727995902384
1658137070.7249234,-34.04349827206365,-3.358139875220389,-0.989175522157855,0.29770915880685,-0.0020477754764256007,0.0056515701222771015,0.9546376920765212
1658137070.8247397,-34.04454103234645,-3.3583151225370003,-0.9857722540004951,0.29753278236684494,-0.0013766993573055986,0.004701981446756514,0.9546990308397277
1658137070.9248514,-34.04380614811168,-3.36162097827747,-0.9907610703955028,0.29762194289526056,-0.0006445513583981786,0.0035295877943761177,0.95467706878856
1658137071.024494,-34.04267079038127,-3.3638462030913288,-0.9917133229601419,0.29749000908305967,-0.0005121599319065686,0.003776796907280331,0.9547173236057913
1658137071.1241937,-34.04173129401848,-3.3655929043806787,-0.9908884002703798,0.29710216096464975,0.00019276345580451727,0.004055672446237605,0.954837064798656
1658137071.2247283,-34.041389164533065,-3.366505866656009,-0.9903640972714968,0.29717487858514996,0.0031998546846655116,0.004315941924925267,0.954807951953228
1658137071.3248267,-34.04174820487632,-3.3690172547982025,-0.9944161284732299,0.29740265801840216,0.002991854075683708,0.0037600148498753458,0.9547400536800713
1658137071.424206,-34.041433719243095,-3.3659773048916755,-0.9958957040929927,0.2972881881195906,0.0013592983766996447,0.003609470046018263,0.9547800046285002
1658137071.5231264,-34.03973104305779,-3.360268034592796,-1.0048502153584726,0.2974970893600789,0.000428951765873713,0.003373648666455198,0.9547166680839173
1658137071.624896,-34.04048191801162,-3.3577584049178295,-1.0130098822334643,0.297581728135828,-0.0003059425697556992,0.004532730277226787,0.9546855376693362
1658137071.7244947,-34.043115348295615,-3.362988348798424,-1.0184628306671644,0.2972923176569229,-0.0008500657876006397,0.006152214076905598,0.9547663093721938
1658137071.8227432,-34.04391783322886,-3.3669477747941694,-1.0165184027625533,0.29790719729385495,-0.001132184495160818,0.007802670426552435,0.9545622757541379
1658137071.9237132,-34.044022868737535,-3.3669770001197996,-1.022611840041725,0.2979514289045478,-0.0011394980694836238,0.0073418427379652405,0.9545521174367659
1658137072.022542,-34.044374722022546,-3.365310584399255,-1.0241410378745337,0.2986330030907114,-0.0005137433987411643,0.0058105887335913806,0.9543501991361595
1658137072.124501,-34.043600863571115,-3.3662364099851403,-1.0231038411852966,0.2987059176901797,0.0018348819906093337,0.003539854737538733,0.9543368783471061
1658137072.223206,-34.043202147681896,-3.3684302919417224,-1.0221519140288924,0.2985129670088381,0.00332681129972328,0.001998958019569204,0.9543976870366494
1658137072.3247132,-34.04303241561473,-3.3687114341558027,-1.0207875921398766,0.29788355654078974,0.0023887622851534625,0.0021200457957727147,0.9545968709162487
1658137072.4248059,-34.04230335482106,-3.369785785139785,-1.0158270874198396,0.29757781680742745,0.00025010968939632094,0.0034296390490734657,0.954691373149027
1658137072.5248966,-34.04283156831289,-3.3758406055134875,-1.0165720804928668,0.2978704739039189,-0.0018888501084337811,0.004484789694149281,0.9545938925442767
1658137072.6247172,-34.04182777815227,-3.375801247711773,-1.0194426604103968,0.298377415684335,-0.0020605328281788123,0.0048366062680297185,0.9544334860291322
1658137072.7242613,-34.04278032720141,-3.372101958625304,-1.0222571264546376,0.2990886313217159,-0.0003022963543053149,0.004704526057641422,0.9542136902526092
1658137072.8231678,-34.042602281613945,-3.372944238395392,-1.0169814572516012,0.2986722108131411,0.00030141325327910206,0.004024683845020235,0.9543472227433275
1658137072.9247437,-34.04271124943928,-3.3775203520938097,-1.0150187231869163,0.2989936077218487,-0.0006249673789321072,0.004378824747972925,0.9542448626275065
1658137073.0238786,-34.04233177114659,-3.3746715392879563,-1.015896022565621,0.2995573103126685,-0.002448579694562029,0.004909641495148608,0.9540625334410849
1658137073.1248057,-34.0416072579835,-3.3672717728311907,-1.0158038459280003,0.29941919696936553,-0.0033797061097840054,0.005697517124217452,0.9540986638557689
1658137073.2236578,-34.04128668601555,-3.362745027484369,-1.013229261799837,0.2999460427277921,-0.004143001059349316,0.0064405838640523615,0.9539254299333685
1658137073.3203223,-34.0393728413537,-3.3615134322751214,-1.0147153414471621,0.30010369582750146,-0.00382486371392225,0.006058544722818433,0.9538796759570872
1658137073.424402,-34.03949826339794,-3.3609112849375067,-1.0112814367326264,0.29985019813713254,-0.0035164350612506725,0.005168576710048051,0.953965816565922
1658137073.5247617,-34.03936608982124,-3.3668130570106882,-1.0057904011820438,0.3000410066751403,-0.0031654167221376673,0.004847361483864199,0.9539087364821116
1658137073.6239018,-34.039082682889806,-3.3564285447174984,-1.0051517327117452,0.29940127009388184,-0.002971859336308691,0.004770933014935207,0.9541107303223947
1658137073.7248156,-34.03951925925923,-3.353564692930365,-0.9995786942911337,0.2992670875738426,-0.003537195540872491,0.004524530598584785,0.9541520985490465
1658137073.8248913,-34.038532284495524,-3.3486030733699064,-1.0035279549375806,0.299434777309456,-0.0041699162698920576,0.004472714065642354,0.9540971757450789
1658137073.9247327,-34.03329801262296,-3.3476870988893865,-0.9993759165428893,0.298076741907392,-0.0012063753627313677,0.01566873034615874,0.9544125373661057
1658137074.0248156,-34.032725627057104,-3.3419531552483424,-0.9999396256851764,0.2939700024553639,-0.0005578949332690381,0.01666164204616823,0.9556692503653508
1658137074.1228437,-34.03330072283004,-3.344963999352004,-0.9938901804614482,0.291282714016814,-0.0010504618841556696,0.014345995007161588,0.9565288649444899
1658137074.2247436,-34.03408470127387,-3.3465822998082775,-0.9946127654642332,0.2916312820612608,-0.0027226248596957316,0.012621515166850717,0.9564436627381574
1658137074.322608,-34.03542690562772,-3.3482699424752793,-0.9985193484926798,0.29126433011748215,-0.004765379617859815,0.008867733518899914,0.9565896426684015
1658137074.4247203,-34.038488539233825,-3.360360697555692,-1.0029119011951682,0.29157889993764674,-0.002928992941920027,0.0036601229904703173,0.9565352944931527
1658137074.5248108,-34.04706632105372,-3.3708936145959076,-1.0024087074305503,0.2916879178439252,-0.0007437878474558915,-0.0003455551492110806,0.9565131917308106
1658137074.6220667,-34.05845346685694,-3.3684758761330666,-1.0017560382784225,0.29154993583199057,-4.578768120092841e-05,-0.0011431523908582996,0.9565549257739322
1658137074.7242742,-34.081215819020045,-3.370351265890847,-0.9989861906452226,0.29107300064334013,0.0008290033358581623,-0.0008554139197239436,0.9567001041689545
1658137074.8249316,-34.11898326950356,-3.3760197083136116,-0.9966312161315904,0.2904862780689744,0.000876310955265068,-0.0018290416134308957,0.9568770082614757
1658137074.9247637,-34.171712034892785,-3.381866686596217,-0.9919139276425619,0.2904062745247978,0.00017178810802371644,-0.004538224203637846,0.9568926641616928
1658137075.0220394,-34.23877026250056,-3.38602158515876,-0.9955446592584086,0.29103124324933405,0.001077544911957237,-0.0075358643375875,0.9566832626832695
1658137075.12472,-34.330243696240636,-3.383364522414162,-0.9972755261737299,0.2919357511112231,0.0024446036088866356,-0.009567215602098375,0.9563869559555139
1658137075.224779,-34.44554300363869,-3.3920435604611336,-0.991439729237958,0.2925072904924545,0.003623540164961508,-0.011028363594150548,0.9561928310554205
1658137075.3236196,-34.58563280907409,-3.38183181413373,-0.9811970311730471,0.2934362228872277,0.0056978589616168375,-0.012878711267296462,0.9558749166585208
1658137075.4247189,-34.758143304036096,-3.379771321881344,-0.9641804137252952,0.29356522772129456,0.006697973300532391,-0.01481617283082644,0.9558007508101078
1658137075.5248363,-34.95761039601265,-3.3713076952139476,-0.952824809628072,0.2931644402543023,0.005427792805026373,-0.01787213333902423,0.9558795619142963
1658137075.6237075,-35.18655154074731,-3.356028306723647,-0.9305021878559188,0.2927993082880071,0.003441063285453364,-0.020982160081955258,0.9559374838909356
1658137075.7244508,-35.44846235235452,-3.3288050646539276,-0.9139729362766844,0.29380034657754944,0.0030891198823756387,-0.021846048394163296,0.955612140912165
1658137075.8247552,-35.737458221501555,-3.3020539872950523,-0.9039084413550333,0.293929537757563,0.00223076990191592,-0.020332664638675148,0.955608200701453
1658137075.921195,-36.033714130875474,-3.267199389861267,-0.8827368334286305,0.294073433879902,0.003853427414983963,-0.018634904001769557,0.9555933794956897
1658137076.0248177,-36.367216097443055,-3.23118022783076,-0.8609878787469135,0.2951919693849939,0.004337066529600713,-0.014215717590515584,0.9553223562954134
1658137076.12473,-36.69743465516978,-3.2017849875065862,-0.8452374747084213,0.2948237169759931,0.0024264581369867755,-0.011640985758257854,0.9554776688441503
1658137076.223211,-37.02828806889991,-3.1597467122262577,-0.8245864541242612,0.29514249863694325,-0.001092362014515646,-0.009953517759964302,0.955400774401863
1658137076.324841,-37.373191440929034,-3.119959688192088,-0.7939526374769353,0.29506391240293944,-0.0036067177042018944,-0.008019934278764549,0.9554370517406904
1658137076.4248078,-37.71412010258534,-3.078408287005939,-0.761813243757648,0.29414908306094467,-0.00739177319189354,-0.0046546352981069895,0.955719630955456
1658137076.524909,-38.055270730823636,-3.0302276162181427,-0.7267502226847878,0.2932639122020692,-0.00987855792981783,-0.000888566937292217,0.955980074238929
1658137076.624746,-38.391424581409225,-2.9861018501455505,-0.7003465696486817,0.2935264761713783,-0.010026677785847956,0.0025544727947624914,0.9558949462088597
1658137076.724519,-38.72671594411461,-2.936551260321044,-0.6801362848467208,0.29330865263998357,-0.008409636921268204,0.0038132263135864162,0.9559732065274407
1658137076.8249269,-39.05904902187498,-2.89736537378407,-0.6533672920840947,0.292900892671279,-0.007350632850905066,0.004129196656957048,0.9561056348562813
1658137076.9235306,-39.38373695266358,-2.850650521591844,-0.6320548105074814,0.29338016536552813,-0.005897379119824939,0.004829610964204756,0.9559654671312419
1658137077.0248535,-39.71076792627051,-2.798543791628209,-0.6083321327912908,0.29222274527506276,-0.0038345085519640304,0.005600177952913552,0.9563262004645035
1658137077.1248097,-40.03068889765027,-2.761862434036324,-0.5831430998436286,0.2919480567519084,-0.0015248632727964371,0.006160488687938522,0.9564131195931056
1658137077.2248793,-40.35424461289915,-2.7165690691787354,-0.5549480303750934,0.29209730647086013,-0.000556102301730557,0.00538235783777406,0.9563732976859564
1658137077.3238444,-40.670555715417045,-2.6701521660956993,-0.5328214895054123,0.29219506012674207,-0.000506105790838182,0.004308332783269775,0.9563489054539627
1658137077.4240408,-40.98566383073903,-2.6254063487878585,-0.49961964265680675,0.2924060565489854,-0.0004139058238853309,0.004768124982883434,0.9562822761922826
1658137077.522419,-41.295903719956776,-2.5822406468839167,-0.47817187679424605,0.29228717986644254,0.0002336245979261371,0.005509775051083245,0.9563146931235874
1658137077.6248858,-41.612864928154245,-2.5238929796940086,-0.4636111771379829,0.2933869061569994,0.0014744273719188826,0.005276616643112424,0.9559780890147307
1658137077.72474,-41.923481656187604,-2.481369158580931,-0.4442571254430546,0.29310054380530826,0.003739013252090195,0.006186130527874156,0.9560542990803035
1658137077.8247726,-42.22773258165496,-2.4330565201525025,-0.41022088862469114,0.2921795641148588,0.00607224441797032,0.007047669736011985,0.9563182318206507
1658137077.924807,-42.541883989097386,-2.3851019279808616,-0.38392388732028776,0.2925171751301687,0.006557652868852261,0.008571591416804697,0.9561993658558897
1658137078.0248718,-42.853379756639995,-2.3340612537843453,-0.34927335127283693,0.2928699771553982,0.005846609561491428,0.010509818761096643,0.9560766378001009
1658137078.1247327,-43.16274346425065,-2.2985186944847,-0.3279751948374783,0.2928856982125345,0.00601637534300611,0.011625161545366195,0.9560578573649381
1658137078.2229333,-43.463607034550456,-2.2492923000825495,-0.30495275633266067,0.29252810160097303,0.0053908039784128885,0.011149630633450506,0.9561767277772654
1658137078.3248787,-43.77792729862682,-2.1967421745469466,-0.2867360410400143,0.2931171436617942,0.004340125389998687,0.009053210929338787,0.9560238191462193
1658137078.4227111,-44.077206080041954,-2.160242941863712,-0.25837709272029813,0.2931393536983408,0.004423813510096149,0.00816368364032431,0.9560246353816785
1658137078.524473,-44.39045907331838,-2.1121852744972975,-0.22585164799072152,0.2929934036240458,0.005338461344253605,0.008166196861055,0.9560646837385032
1658137078.623519,-44.696839812923635,-2.062238933428125,-0.19813376913975522,0.2933478007378247,0.005738215929642601,0.009167614366513789,0.9559446090265681
1658137078.7234373,-45.007879558170096,-2.013046665594284,-0.16459899029746547,0.2937257222295583,0.005876688768858109,0.010104260035779801,0.9558182717226492
1658137078.824823,-45.32043473818448,-1.9651320691304481,-0.13141474453605198,0.29404411837692473,0.005356709036175389,0.00965780526895307,0.9557280412928827
1658137078.924908,-45.631301234221574,-1.9236694075335976,-0.1053820690846346,0.2936040135724438,0.003713696497156814,0.010577009607365032,0.9558614013235127
1658137079.0247393,-45.93930213692672,-1.8933628292276008,-0.07942653794470175,0.2928772056071995,0.0006791689815841093,0.009349966620367332,0.9561041048386488
1658137079.1248295,-46.24856299573933,-1.8573512937220846,-0.05735244364201783,0.2931356863521735,-0.0006438501129575596,0.008945920906028672,0.9560287785118811
1658137079.2247727,-46.557143263789925,-1.817421040193924,-0.03545064813355427,0.29318970897738333,-0.0006283545717906453,0.008450099140103674,0.9560167339250473
1658137079.3248649,-46.863567937151856,-1.7885376282876695,-0.008461801612548496,0.2930817459185597,0.0017130287591947634,0.007956246901531879,0.956052746388473
1658137079.4242625,-47.17202597539294,-1.7458867210586917,0.026445374830934478,0.2925503423711671,0.003992485046399792,0.007064975147813321,0.9562156887270409
1658137079.524873,-47.48394076043733,-1.697192672231488,0.06984692555339919,0.29274626389858927,0.0052562258571308374,0.006083437824130272,0.9561563621329396
1658137079.6237257,-47.781672497217755,-1.6472951722876266,0.1151862056552358,0.2922258250118563,0.003891918477077779,0.00552752907312988,0.9563254501418198
1658137079.724841,-48.08737533369466,-1.6061769530383467,0.1551733591034027,0.2926791473882539,0.0015362605401224017,0.006261689596689003,0.9561889707745702
1658137079.8243973,-48.39016643300043,-1.574248458725103,0.1841228115915934,0.29272643224709805,0.00022601711939045053,0.006095098834551093,0.9561767799681409
1658137079.9246466,-48.69546741565178,-1.5456468398629257,0.20677422004227944,0.292484581766428,-0.0002505551795756624,0.0061761520543171565,0.956250261070145
1658137080.0228672,-48.992433323007596,-1.4980044982060445,0.2366339119408747,0.2922964460561969,0.0007218981013941249,0.0070110968818720525,0.9563017886663497
1658137080.1248543,-49.30305722707523,-1.463781807929183,0.2596254730060384,0.29233038984718546,0.001924019114848488,0.007998418837814623,0.9562820016178445
1658137080.2248132,-49.60824928766467,-1.4232279576399005,0.286299590322488,0.2922110024129498,0.003310865620599687,0.009013854629108295,0.9563056617328398
1658137080.3246717,-49.91082734310369,-1.397463451130198,0.3032227164253566,0.292729062227733,0.004019874596372126,0.008745384942769252,0.9561469839818577
1658137080.4244502,-50.21195519635459,-1.3690157537031493,0.32612774681785317,0.2926959459100635,0.0035556773406626467,0.007938473454219438,0.9561660007789321
1658137080.524719,-50.518006147233535,-1.3373453888530664,0.35251590376299247,0.2919960604176887,0.0033461078978822495,0.007237213593435421,0.9563862854525811
1658137080.624216,-50.82070583114495,-1.2971982425664557,0.386479721527833,0.29189815187321283,0.003083450532074097,0.007665666490576315,0.9564137173958619
1658137080.722652,-51.1191910264078,-1.2756052039519832,0.3995350756762233,0.29196641385666483,0.004844611843578222,0.008721755564385694,0.9563765335345364
1658137080.8248346,-51.42733387675574,-1.2351429906274451,0.42646517508052767,0.2924077375722607,0.006626988461167148,0.008549805955074154,0.9562325547950329
1658137080.9236183,-51.72970488308523,-1.195083654670423,0.44668278751764934,0.2923895136459428,0.00596379709947225,0.008748594613641749,0.9562406953932827
1658137081.024895,-52.03605545088573,-1.1578327765896992,0.4785362522492721,0.2921773347974855,0.004022720481411829,0.008450958560142743,0.9563183591513227
1658137081.124519,-52.33941117006339,-1.1184426702867667,0.4990182671717638,0.29205660421127344,0.004596129988080911,0.007459310597002723,0.9563609016532552
1658137081.22409,-52.64338334600175,-1.076009767679773,0.5266219823261683,0.2924174728078216,0.006047643956434202,0.007926824751312973,0.956238784534764
1658137081.3247347,-52.9511146333192,-1.0253592118348118,0.5568019800762817,0.2929731881013158,0.007754383042730868,0.009248070146374536,0.9560444831679348
1658137081.4246547,-53.25554009742403,-0.9842781180969538,0.5900485655736005,0.29404991062337604,0.009158787814010206,0.011952476561062688,0.955671441956971
1658137081.5247326,-53.56304677267023,-0.9568273956559838,0.6132492842845909,0.29372474147025984,0.010759486633356668,0.012832056650449472,0.955743348403551
1658137081.6248791,-53.87023084486003,-0.916975495563766,0.6460140253633466,0.2932591516362827,0.00927910668432251,0.011364483220342666,0.955920402900649
1658137081.7241821,-54.172534410987225,-0.8896430289612215,0.659796745435947,0.2929000005262519,0.006355310463681394,0.010666444135010835,0.9560624596175928
1658137081.824429,-54.48097297438861,-0.8582579149106533,0.699568244450676,0.29252145378683625,0.003688549748178281,0.009072441372017181,0.956208807992604
1658137081.9236126,-54.78353017600876,-0.8137900023270983,0.7310011056831056,0.2923800340932207,0.0006385718887510843,0.0069867777139542096,0.9562764730069753
1658137082.023569,-55.08731557948877,-0.7682120991889024,0.762474979446079,0.2924019328981248,0.001204651717719234,0.006356088042403028,0.9562736316538122
1658137082.1246378,-55.386636925454695,-0.7264308426522955,0.7838561707096957,0.2932162692843329,0.003960642321204585,0.009111608293462553,0.9559945142800672
1658137082.2231855,-55.68618229772314,-0.69908061409306,0.8075554151443807,0.2933781536445555,0.005552727287201664,0.012509256290608574,0.9558985012493403
1658137082.3247302,-55.99671104481303,-0.6652126565530334,0.8390124652482888,0.2932331394295564,0.006901704253138677,0.012101264786815804,0.9559394603264074
1658137082.4247797,-56.30597961202591,-0.6244583698120694,0.8777231983863992,0.29273223511391383,0.005428539495059949,0.010384548184754927,0.9561226546019377
1658137082.5239387,-56.60964935691395,-0.5876170116358483,0.9088536893786803,0.29189545104916076,0.0018161615717472667,0.0074335059915946996,0.9564196203563163
1658137082.6249244,-56.920078704915916,-0.5459026331787888,0.9304509387014132,0.2926405556277636,-0.0014299619522829467,0.005744443547119673,0.9562041946043313
1658137082.724749,-57.222643375629545,-0.5171644978110111,0.9653847503961732,0.2925466998921021,-0.0019077583005112381,0.005883607556981421,0.9562312335426605
1658137082.8248174,-57.525038131172735,-0.48801311300250866,0.9878332281529203,0.2920720117624075,-0.0015592019072000218,0.006555215116733983,0.956372593704536
1658137082.924815,-57.82324962229815,-0.45204786244019046,1.0164061866602285,0.29280818779631407,-0.001056632714427258,0.007694995720607186,0.9561396528371265
1658137083.0240903,-58.12215608256374,-0.42103193451769855,1.044123902734095,0.2931244991721191,0.00040668733855910683,0.009432230671224211,0.9560276646703081
1658137083.1245635,-58.42772492023411,-0.4039151108864757,1.0679489777589617,0.2935397123876839,0.0030131801777685987,0.010240634192470104,0.955887277563522
1658137083.2248402,-58.73127709469039,-0.36585385427899053,1.1032703877322987,0.2936095257070704,0.005726212669768637,0.009017922650845807,0.9558657510202394
1658137083.3247628,-59.03872229022976,-0.3227385210530126,1.1359243581029737,0.2939798935499769,0.0060116137562043455,0.0072164752698593735,0.9557654551054677
1658137083.4242237,-59.339630331937705,-0.28723187908496334,1.1667904536812237,0.292956666129919,0.004043687433910185,0.005193935873109437,0.9561030610724025
1658137083.5247993,-59.64456362080708,-0.24385816196353258,1.1961610523800934,0.29154259142716193,0.0012105175783863244,0.003270045603968584,0.9565514930377594
1658137083.6247094,-59.95050087004898,-0.1891828261389337,1.2098577722500627,0.29070875927621687,-0.0003767438995187533,0.0021380338645214086,0.9568091262917606
1658137083.7248623,-60.25394196685436,-0.16362035909477057,1.23287218141197,0.2900930795187244,-0.0029199999639279582,0.0016723904024500385,0.956992519263231
1658137083.8241153,-60.55174846253135,-0.13477575590098403,1.2564625556478688,0.2894498562121038,-0.004098154591100457,0.0020250287604907913,0.9571822632739022
1658137083.9248724,-60.85776141244553,-0.1056581370546345,1.271001429409109,0.2901698789102476,-0.0031084886569060013,0.00208471931464377,0.9569678325924815
1658137084.0248013,-61.164054120300136,-0.08893087913484636,1.2922874890016742,0.29047039716104966,0.0017222355871645057,0.003934326245273125,0.956874340420188
1658137084.1248767,-61.469665728864385,-0.059380233826839296,1.321641731739575,0.2910334178950137,0.00503292046498355,0.004172708901923219,0.9566905496973662
1658137084.224697,-61.7722030594352,-0.024698900476446958,1.3575500951089352,0.29009074327765505,0.008373207220874247,0.0035105757368560668,0.9569560731419905
1658137084.3249195,-62.074839801003236,0.00600437144004503,1.3755440818306646,0.28963812709892905,0.00720054963078614,0.003651718555325057,0.9571021744657782
1658137084.4247751,-62.37824963260146,0.043872931422667245,1.3944495025640964,0.2891619390681915,0.006346145988095488,0.0031906015822145096,0.957253842764213
1658137084.524878,-62.677139395181456,0.08714829428100783,1.4238049411749096,0.2890806818900591,0.005354341491255081,0.0032417635249470827,0.9572842740556798
1658137084.624726,-62.97630175084124,0.1159035022859716,1.4481396627482401,0.28957865368433183,0.0033085349832666206,0.005225778081767564,0.9571342372781163
