stamp_ns,position_difference_m,rotation_difference_deg
1658137038724836864,0.3883696458943492,7.0434497542702585
1658137038824924928,0.5794279139076193,0.41846117369336155
1658137038924756992,0.8987199217034286,1.280421914238509
1658137039024841216,0.9513777311550766,4.138945086587837
1658137039123235328,0.9844843727772451,1.845757204374562
1658137039224891392,1.04703629989514,2.544789145362575
1658137039324852480,1.258769774898897,1.9730070795783021
1658137039423654144,1.4175874005571782,1.9416947865963365
1658137039523622144,1.6168461836009163,2.113180767718304
1658137039623707904,1.653458250975128,3.772790702590285
1658137039721754880,1.7577880354859368,1.0388472067584362
1658137039824905984,1.7980721200556429,0.940682883822392
1658137039924747776,1.822085020575567,0.9478255096082324
1658137040023597056,1.8567962028383924,1.5125382008850023
1658137040087601920,1.861784314765739,0.7085879673679862
1658137040208980224,1.886433240634423,0.8303717247681816
1658137040308223232,1.930616112042197,1.374156732456107
1658137040407313664,1.9984948829919096,2.712861410182202
1658137040524847872,2.0477418460840306,1.2664487431614024
1658137040604856576,2.0898217651221382,2.425871517083744
1658137040724925696,2.123084549108544,4.503051704655622
1658137040824520448,2.133999254896376,3.657573175398317
1658137040924237056,2.1986084683799527,5.044855129502699
1658137041024710656,2.2179760911109483,4.64854441032398
1658137041121891328,2.168211371050899,4.858780547001442
1658137041220607744,2.1774192035607824,4.964564764880577
1658137041319080960,2.1572819647413186,5.417532655306107
1658137041424754944,2.180453066574554,4.644710642906262
1658137041524836864,2.1852564564114165,4.536674228128253
1658137041624143616,2.1752164812599974,4.748937994155877
1658137041707557376,2.173731286247239,5.057796674394081
1658137041806424064,2.1649133844519155,4.171815722196306
1658137041905147904,2.1556892669400582,4.193722943077102
1658137042024931072,2.1265846309366587,5.059184252751985
1658137042124755968,2.0893595105567995,4.61556758247765
1658137042224333568,2.1034794645969566,4.833204398452836
1658137042324898816,2.1164479664506346,4.421330049927076
1658137042421822208,2.115508386442629,4.3792600629339695
1658137042520474368,2.129759002768071,4.440912262466991
1658137042619148544,2.1397173646914647,4.685045777074895
1658137042717639936,2.153361922967722,4.8994942767120095
1658137042819605504,2.125460155588399,4.452520453261601
1658137042918654464,2.1155074874686695,5.246260496199872
1658137043024898816,2.1134884707611796,5.1529042650585195
1658137043106370560,2.1294701987914837,4.331100490240199
1658137043221887488,2.142209603188555,4.136716062671319
1658137043320371968,2.128299242939684,4.971071674119098
1658137043424734720,2.1181013957087824,5.048171583572993
1658137043524337408,2.117589619832213,4.665428725714266
1658137043622970368,2.0887651852564564,5.207858030171665
1658137043721617408,2.0947293832227376,5.198410464848695
1658137043824749824,2.074192082849035,5.1161045411789186
1658137043922389504,2.0634177271870042,4.818250483974233
1658137044021420544,2.042319945015835,5.111137913871082
1658137044109901568,2.0596942241255127,5.104917690439153
1658137044224851712,2.0468171979764556,5.391346051317085
1658137044324718592,2.0488545956724384,5.190949709469298
1658137044423091456,2.045716976924927,5.214888683127239
1658137044524903936,2.036111820284382,5.253284586673136
1658137044624574976,2.029144062167193,5.111777688790769
1658137044724823552,2.031215730175054,5.200073523088044
1658137044824068864,2.0361601340577953,5.373313403179718
1658137044922734080,2.035978224433144,5.19568693078251
1658137045024417792,2.032841765942926,5.170363377616159
1658137045123533568,2.040595461002332,5.150489838153009
1658137045222629120,2.04499145313143,5.240356987183816
1658137045311029248,2.0582087026729976,5.179332231444386
1658137045409812224,2.0690653936058654,5.110597237773417
1658137045524740608,2.068773166183431,5.242873912722518
1658137045623981312,2.0683465790330864,5.196583146572065
1658137045722544640,2.0745579833687344,5.0828329411055995
1658137045824763136,2.0695403624381137,5.175981659432548
1658137045924462848,2.076795879375724,5.14593387717331
1658137046024792064,2.0753541573008776,5.1193803724776705
1658137046123720192,2.080246181538369,5.135101992700621
1658137046222251008,2.0769237231364195,5.203583166678898
1658137046324897536,2.07184972001259,5.128564702251352
1658137046424736000,2.072208910445611,5.202955249020436
1658137046524822016,2.06323138626272,5.316569836693616
1658137046610840576,2.058903149130026,5.274156748475217
1658137046720031232,2.0637513589036214,5.211060681341289
1658137046823377152,2.05474040813399,5.246502387221867
1658137046924801792,2.045515671827445,5.384252280934663
1658137047020654336,2.0698262246028523,5.302673927284269
1658137047124716800,2.058274931629504,5.070370696446
1658137047224818944,2.0574692995352253,5.191636015640342
1658137047324848640,2.0592607484980263,5.289207281360831
1658137047423183104,2.0837057849342835,5.106039703000263
1658137047519497728,2.097762330007856,5.13016650944807
1658137047611092480,2.096726090938144,5.203926947463598
1658137047712980224,2.083237896756557,5.233149085884582
1658137047822214400,2.084205002799521,5.254992898257544
1658137047924904704,2.0722423317450116,5.284809620809573
1658137048024770816,2.071933106562989,5.214155031813342
1658137048124858368,2.0670370939574014,5.060105080010457
1658137048224825856,2.0720037783290906,5.310720422207835
1658137048324725504,2.0691131541579337,5.059371055608054
1658137048424816896,2.072097046460033,5.158079620361356
1658137048524912896,2.0728920877614545,5.093315038153249
1658137048624362240,2.0587878423659345,5.1570197558576005
1658137048722909696,2.0686224268250033,5.175969544233601
1658137048812169472,2.0769095545497147,5.167306113125371
1658137048924898560,2.0816227431633196,5.165713640301765
1658137049023313920,2.080072025827638,5.099873911163759
1658137049124845312,2.079663011788481,5.191239763214205
1658137049224743168,2.070324162739597,5.193891735601596
1658137049324242432,2.0619490917647623,5.197989191605553
1658137049422499072,2.059673576296208,5.3437297557019585
1658137049521611776,2.0555275676693983,5.028981646218961
1658137049620621824,2.051594259588476,5.172623253760926
1658137049724568320,2.0607707286188686,5.1668624923410915
1658137049824876544,2.0615424079837577,5.009758194300682
1658137049923503616,2.06807810250756,5.141785101595378
1658137050024921344,2.066253747258722,5.147965822361591
1658137050114824960,2.0709904764779083,5.177149901743744
1658137050224856064,2.0701346856751366,5.049342060606444
1658137050312484864,2.061688429904552,5.262083600951586
1658137050418610176,2.059793939068087,5.2104284000305565
1658137050524764416,2.0566079505556303,5.221883252148663
1658137050623695616,2.0444536108136973,5.309511837024031
1658137050724797952,2.0295530941657742,4.925581635628806
1658137050821777408,2.0102434165382386,5.17186684544827
1658137050920530432,2.0069279869871086,5.2369400865901845
1658137051024065280,2.019037949031826,5.29605897398152
1658137051122652416,2.032271824515721,5.260536854420816
1658137051213356800,2.043229388298327,4.888455343077232
1658137051324866304,2.0564370020143894,5.227226693915767
1658137051414909184,2.0663849521030224,5.184591824470039
1658137051513578240,2.0710818499863373,5.127876483394327
1658137051612234496,2.067663078964232,5.055725463419214
1658137051724148480,2.072796802548749,5.151899708107703
1658137051824801792,2.0786496055792765,5.321453784626221
1658137051924006656,2.0779473748180313,5.166416502002611
1658137052022959360,2.0611849871745385,5.1250559589869065
1658137052121655808,2.0608119279866157,5.1395128309023335
1658137052219693312,2.054929535990705,5.386707344756812
1658137052323696128,2.0462674247585224,5.103105005622344
1658137052424901120,2.0528029759770163,5.049893902307068
1658137052517163008,2.0500348035241074,5.10300395829011
1658137052615911680,2.04865288324233,5.18719066185002
1658137052714551552,2.044821633685263,5.22659241370522
1658137052813291264,2.0455206636685985,5.218118490774059
1658137052924824320,2.0593759381697283,5.184189931832433
1658137053024020736,2.063351863195461,5.107746816430902
1658137053124748544,2.0646321727563066,5.14049315443619
1658137053223866112,2.063102234136206,5.0992906078899045
1658137053324815872,2.0571460536707993,5.101709614416607
1658137053418620928,2.0635894480768275,5.228548672791401
1658137053524743936,2.0585742617284617,5.264819631862752
1658137053618177536,2.0450255064109326,5.195216634855954
1658137053714582784,2.0388127576475052,5.2539487033503125
1658137053824920064,2.029973833034206,5.241760494558191
1658137053915369728,2.0324417245906443,5.094375706267339
1658137054014072064,2.0407231331519444,5.09422250337701
1658137054115891456,2.033622288425312,5.33082496483047
1658137054224909568,2.0434868958455943,5.209130546742781
1658137054323618048,2.0472769148953143,5.1165650032385726
1658137054424833280,2.0499286005870982,5.232859534743672
1658137054523573760,2.0648431410606767,5.122442639377681
1658137054621435648,2.080205511109482,5.135508908087321
1658137054718603008,2.0731199498095028,5.237899084927083
1658137054824828160,2.0762419494874864,5.170161916359198
1658137054923370240,2.077788582449027,5.294866491756179
1658137055024764672,2.0773293208978143,5.182570115860362
1658137055116761856,2.0809709019377527,5.204453006186428
1658137055215461632,2.078441256601844,5.316077308978065
1658137055317264128,2.0839860497828377,5.199633157471443
1658137055416318464,2.0928442552958355,5.227229625374069
1658137055524755968,2.102330259214986,5.1896371377057315
1658137055624912640,2.0980128574619505,5.247699553829039
1658137055724748544,2.112251605930662,5.2482778027351
1658137055823721472,2.11719144679938,5.094652548936972
1658137055924916480,2.1234274447903507,5.148611012637548
1658137056018064128,2.112458123207449,5.137525496771271
1658137056124670976,2.078298207503999,5.254251492191996
1658137056218930432,2.0762640897270552,5.069118719548664
1658137056321242112,2.0894808156740754,5.1267496865025874
1658137056424586496,2.092324049320191,5.2392365563269685
1658137056524827392,2.097378655795844,5.075488863154372
1658137056623622144,2.106423731356894,5.082752400225089
1658137056722171136,2.0903837910127305,5.12238157831416
1658137056824849664,2.091976718850027,5.2700500418806175
1658137056924166656,2.102070007763394,5.23284403167642
1658137057024523008,2.1203997098348912,5.300095467370002
1658137057123285248,2.145806246495235,5.188509557101976
1658137057221307136,2.168602675256227,5.2578570690415765
1658137057324748800,2.1763943460038866,5.163578454282684
1658137057424083200,2.1898804854532545,5.1393799685901955
1658137057524742656,2.2084256402993985,5.112019298583512
1658137057624836352,2.2143427075629996,5.11294411786381
1658137057724896000,2.2129497328819783,5.096010654183847
1658137057824670976,2.2121947085305353,5.037080650210791
1658137057924848384,2.219392939668286,5.159362075725925
1658137058024757504,2.240088101727271,5.162101183811599
1658137058124891904,2.2562524196458957,5.204296782332822
1658137058224744192,2.2769682303742522,5.128042474381099
1658137058324352512,2.2823197771647115,5.08262485229499
1658137058423059456,2.2926372749599393,5.027471363445381
1658137058521729792,2.295255102250158,5.053880853773973
1658137058624817920,2.2870395807863253,5.051945538035413
1658137058722903296,2.290357889744553,5.099350005387796
1658137058824746496,2.280051058212376,5.1324521220842945
1658137058924829696,2.2836546733951777,5.068692376311423
1658137059024825088,2.291494127694104,5.002570814597341
1658137059124899328,2.2739519772768606,4.982731682945395
1658137059223676672,2.279564623116729,5.06643571397489
1658137059324751360,2.285929507197566,5.169490862149809
1658137059424917504,2.297501093260044,5.00232550297389
1658137059524315648,2.3105112307014655,5.1275754923952155
1658137059624413440,2.312358455051299,5.059393334620873
1658137059722560512,2.3101907579510237,5.080049163207691
1658137059824544256,2.309533855964018,5.037761058172418
1658137059924871168,2.2993686116337635,5.047192703094874
1658137060022647808,2.295793014790014,5.0836698126798465
1658137060121690624,2.298405798986958,5.113637799356474
1658137060224678400,2.291177053142961,5.123405846584186
1658137060324864256,2.3005261693421084,5.066095548468534
1658137060424713728,2.3040298004737645,5.074435936871838
1658137060523303168,2.30870350165856,5.020961221895351
1658137060624512768,2.3157934388029755,5.068697743754499
1658137060724667392,2.3120138018193126,5.078994538235692
1658137060824803840,2.308267000572361,5.006549265971657
1658137060924908288,2.300076849145143,5.130770586788951
1658137061024754688,2.2947780496616224,5.064701398869955
1658137061124722176,2.2997780379103765,5.026827125191457
1658137061224813056,2.3069015246820337,5.09866780475095
1658137061322609664,2.3077137551603504,5.133360485122627
1658137061424735232,2.314119548852298,5.114876840134122
1658137061524777472,2.3122797767986163,5.0755399700805235
1658137061624901632,2.315793711125784,5.098467717030129
1658137061724065792,2.317575092390552,5.0531642824139515
1658137061824846080,2.3138578706141697,5.049430729567078
1658137061923821824,2.311648570054512,5.086786820026668
1658137062024781824,2.3097871928589853,5.059081875246243
1658137062123869696,2.3144341242978035,5.009262161415381
1658137062224744448,2.321308448742807,5.079788822352794
1658137062322414336,2.313931220782905,5.064949150746852
1658137062424602112,2.2991225471702874,5.163185177555795
1658137062524906752,2.306949504511403,5.10155640275296
1658137062623037696,2.2972889329721013,5.113170541348653
1658137062724158464,2.29651568875525,5.1226714108596925
1658137062824860672,2.290963039210694,5.117560503417275
1658137062924738048,2.2872512756087535,5.093714765891361
1658137063023865856,2.2844265578893688,5.148576731930763
1658137063124800768,2.2886651140421486,5.088906526228267
1658137063224887808,2.2943571934423015,5.133114074966146
1658137063324565760,2.2950783426770074,5.1174488893351455
1658137063424889344,2.29849258267626,5.109260716689399
1658137063523491072,2.299824418377855,5.202693217928811
1658137063624814080,2.3045595228176086,5.061427329386784
1658137063724824576,2.3058692615869423,5.12891258607058
1658137063824757248,2.300738838721519,5.099101153129506
1658137063924858112,2.301471705312278,5.105898354991627
1658137064020839168,2.300034293247041,5.1161965202259125
1658137064124910080,2.295556955883933,5.104973623365863
1658137064224742400,2.292129429348655,5.161790525795287
1658137064324875520,2.28485862153265,5.155956703335908
1658137064424675584,2.290216452949597,5.084859248913165
1658137064524802048,2.299263870123563,5.154258641707207
1658137064624882944,2.297537053452786,5.077858502252109
1658137064724463872,2.3008968540194497,5.116003794033493
1658137064824807168,2.294490584152104,5.092792188694197
1658137064924876288,2.2936611689874056,5.136305901143789
1658137065024741120,2.298792033283405,5.145717947778658
1658137065124836864,2.2929944736426013,5.117843820391306
1658137065224909056,2.285058616984045,5.115812188219575
1658137065324744960,2.2931628654937173,5.134105532863328
1658137065424692224,2.292288635797432,5.101633005508442
1658137065524328192,2.2972822714330863,5.109001987624835
1658137065624704768,2.2940098324588987,5.071170944638079
1658137065724802560,2.291712785463392,5.1108622050361
1658137065823474432,2.2937521235058638,5.173484705668914
1658137065924722688,2.2984434721227087,5.101739208485037
1658137066024130816,2.2971434638695998,5.057329196345322
1658137066124918784,2.3005146786700883,5.073704063529785
1658137066224697088,2.3006809113063467,5.16562158451157
1658137066324185088,2.3046455716669683,5.04180095743909
1658137066423072256,2.307967763079306,5.073226574358758
1658137066521879296,2.303743796106313,5.08495329996437
1658137066624804608,2.3013673369222545,5.123054548280302
1658137066724909312,2.3074911661407764,5.111645997092597
1658137066824005120,2.3035205378643417,5.080520375959507
1658137066924852736,2.3095563698050006,5.044101624887725
1658137067024809216,2.3122245465753206,5.115381886773742
1658137067124900608,2.3077196983976074,5.119840483125709
1658137067224124928,2.3116591580688173,5.113198876701876
1658137067324069120,2.2993216776661596,5.158164619595872
1658137067424706304,2.2998504654910117,5.064914230876342
1658137067524614144,2.29964752604753,5.154848593998118
1658137067624208384,2.3001526393849057,5.112381253918517
1658137067723005440,2.2934282771959844,5.1126404937887475
1658137067824850944,2.2930602539625027,5.05768250189589
1658137067924172032,2.2887675640248384,5.082792684093939
1658137068024761600,2.289584155008744,5.11941372685733
1658137068124760064,2.2978348959297423,5.0535652976616605
1658137068224858368,2.301506704990762,5.081032364552703
1658137068324053248,2.299321476098742,5.079730949932482
1658137068424672000,2.2967429873005325,5.096642970790814
1658137068524616960,2.294884192334169,5.092069609721477
1658137068623313920,2.291669951890467,5.075014778663192
1658137068724764416,2.291804721843803,5.067404704464518
1658137068824855296,2.296075825681038,5.125612094901032
1658137068923645184,2.3110000078642,5.100626545725405
1658137069022250496,2.303042325608964,5.033006170931441
1658137069124734208,2.295261174987817,5.065684608033307
1658137069224832000,2.2940013014380893,5.111519314916448
1658137069323527168,2.295146481885814,5.159150043394187
1658137069424922368,2.294788566143258,5.073322790526876
1658137069522895104,2.2836692597314965,5.097496516563421
1658137069623948800,2.2961147335564105,5.110942205676279
1658137069724850688,2.2978774562089965,5.132674787733066
1658137069824629760,2.3047833831404194,5.091256869713337
1658137069923258368,2.3054293626229336,5.113268513074131
1658137070024865024,2.2950061635269043,5.084217043964902
1658137070124677376,2.303450092265709,5.093720992894371
1658137070223396352,2.2972842825739277,5.04865807435722
1658137070322857728,2.299561045691099,5.037577159034342
1658137070424904704,2.3035653758771795,5.078012556557706
1658137070524502784,2.3000737296337626,5.053379192398211
1658137070623348224,2.290572644439295,5.020596644926315
1658137070724923392,2.288385771470808,5.089538701325879
1658137070824739584,2.293893841400385,5.088126508491995
1658137070924851456,2.290182284335684,5.086460874161005
1658137071024493824,2.2971940260175225,5.098802844168854
1658137071124193792,2.304901081950176,5.078880499559943
1658137071224728320,2.3043298453735046,5.066649255556891
1658137071324826624,2.305837322178372,5.097576648318176
1658137071424206080,2.302983734249157,5.090889866944081
1658137071523126272,2.297303207198168,5.118832467318376
1658137071624896000,2.2977347064907963,5.143370763758673
1658137071724494592,2.29276798137025,5.06264083613107
1658137071822743296,2.302756825352233,5.104082661362384
1658137071923713280,2.30133456716796,5.061857421977155
1658137072022542080,2.2958502816865654,5.094902796613709
1658137072124500992,2.2927814924190817,5.117611062208678
1658137072223206144,2.292521088372368,5.124832234302897
1658137072324713216,2.2951823431264256,5.086752430917855
1658137072424805888,2.3012219136008323,5.038609396171089
1658137072524896512,2.313043892680758,5.098327072175177
1658137072624717312,2.313829595812862,5.054316509945161
1658137072724261376,2.30265662253481,5.0593954845962354
1658137072823167744,2.3031535475396208,4.979811039526851
1658137072924743680,2.3054882585743375,5.026652240821857
1658137073023878656,2.3057848313630473,5.090351242580094
1658137073124805632,2.2987614924853106,5.113679590783271
1658137073223657728,2.2937609016268325,5.109518283471036
1658137073320322304,2.292055338895499,5.171081687222303
1658137073424401920,2.2929290483471725,5.071189749002152
1658137073524761600,2.2951459874102556,5.07885998370069
1658137073623901952,2.2928584705264314,5.077260762913932
1658137073724815616,2.288466527092172,5.050401431367121
1658137073824891392,2.290661071024131,5.124918652991069
1658137073924732672,2.2931002796358957,5.141989173098776
1658137074024815616,2.2945504766848788,5.037224576891476
1658137074122843648,2.297696292718056,5.063737649611139
1658137074224743680,2.296035212440788,5.076151873091463
1658137074322607872,2.2913777566251903,5.0832516055018795
1658137074424720384,2.291856660950188,5.091645710969484
1658137074524810752,2.297399432249213,5.07934311810797
1658137074622066688,2.2869206324734814,5.124674104491802
1658137074724274176,2.283427781936523,5.064234718046598
1658137074824931584,2.2874187694401678,5.0762860875670865
1658137074924763648,2.288743855455522,5.087272238155527
1658137075022039296,2.2983224617434432,5.07412997887994
1658137075124720128,2.299430103874071,5.14113960644725
1658137075224779008,2.302700964325792,5.055754266131355
1658137075323619584,2.310347554585466,5.060021655941702
1658137075424718848,2.3201862477732655,5.1094237119290025
1658137075524836352,2.330851228000332,4.995886543514747
1658137075623707648,2.3281621294751673,5.094598688610739
1658137075724450816,2.3248648096241045,5.103373663763055
1658137075824755200,2.3326950390274597,5.039411710587311
1658137075921195008,2.336725784491028,5.0174444170139445
1658137076024817664,2.3470969847066137,5.031015107943551
1658137076124730112,2.3546408416783766,5.128765621819892
1658137076223211008,2.350678254658903,5.007910397814965
1658137076324840960,2.3618556216057565,5.093760887595811
1658137076424807680,2.3645557953642045,5.146108528235885
1658137076524909056,2.376002929558673,4.990379651731058
1658137076624745984,2.3893095612356965,5.101921511658164
1658137076724518912,2.3834732661832483,5.064040291750521
1658137076824926976,2.397504233844508,5.122181999065994
1658137076923530496,2.393758965101799,5.100098876597067
1658137077024853504,2.4083753725504535,5.054346034400583
1658137077124809728,2.4182852947518767,5.01743728306385
1658137077224879360,2.425085045465236,4.9988695627895545
1658137077323844352,2.439703820480629,5.065470569947388
1658137077424040704,2.446307354145493,5.05073741357959
1658137077522418944,2.4493082548097473,5.068347818327899
1658137077624885760,2.449741812526271,5.082791733531778
1658137077724740096,2.4683173380824766,5.1534584280558615
1658137077824772608,2.4811555971043386,5.07905228392318
1658137077924807168,2.490622732136754,5.030750729720528
1658137078024871936,2.4958501530726522,5.05048001065563
1658137078124732672,2.5013569160733558,4.995173549556586
1658137078222933248,2.498883928876625,5.001629523712459
1658137078324878592,2.50898366936038,5.0522949608313406
1658137078422711040,2.523004759363316,5.0557773206429415
1658137078524472832,2.5276172567889854,5.051248190582015
1658137078623518976,2.53401828979653,5.038267283697027
1658137078723437312,2.5319316646625403,5.065985540830868
1658137078824822784,2.5329726829517765,5.0173218995267845
1658137078924908032,2.5425066274662758,5.05811895206466
1658137079024739328,2.547185826706759,5.063832064681515
1658137079124829440,2.560495261245727,5.030592475004827
1658137079224772608,2.5652069957426265,5.0469834861507055
1658137079324864768,2.5724040819056553,5.039172136169985
1658137079424262400,2.583697674051332,5.123611859472595
1658137079524872960,2.594788533127566,5.076587434873287
1658137079623725568,2.601327190930512,5.021959109846958
1658137079724841216,2.60589463849353,5.078280676905833
1658137079824397312,2.6171354154043764,5.086807350677287
1658137079924646656,2.6267863041462114,5.071869272704169
1658137080022867200,2.629569939883346,5.082109590413843
1658137080124854272,2.633607144912376,5.044219997474434
1658137080224813312,2.6392130305374115,5.043678887077939
1658137080324671744,2.6460669344096766,5.102125055384536
1658137080424450048,2.6595993341678104,5.050556548112208
1658137080524719104,2.670660488747816,5.03255371408319
1658137080624216064,2.666079072078419,5.055482720353918
1658137080722651904,2.6844712084648847,5.052303780242192
1658137080824834560,2.6977876875890634,5.05083438573164
1658137080923618304,2.7034153044302665,5.084445107214095
1658137081024894976,2.7183938304652155,5.0970502123173125
1658137081124519168,2.7206775729115997,5.055436064073452
1658137081224090112,2.7281873454245673,5.086096232355216
1658137081324734720,2.7216378223309827,5.024702573031256
1658137081424654848,2.736647431791518,5.081979238714516
1658137081524732672,2.745363129549207,5.055716368187761
1658137081624879104,2.7550089788721253,5.0519446459550865
1658137081724182016,2.7598799016979925,5.073326172400429
1658137081824429056,2.771894285653282,5.053571289221328
1658137081923612672,2.7708368018932203,5.055226040617722
1658137082023569152,2.7749646266475527,5.082074059805996
1658137082124637952,2.7915512255043153,5.06623893792761
1658137082223185664,2.800508677395041,5.022197200389542
1658137082324730112,2.805120048118164,5.0889577033787186
1658137082424779776,2.806363166631432,5.0281232010194215
1658137082523938560,2.8171899166541934,5.029237304159167
1658137082624924416,2.81398936674141,5.097870071950518
1658137082724749056,2.8261976801959694,5.064614714264652
1658137082824817408,2.8357529559217247,5.037031014665341
1658137082924814848,2.8433073250277,5.0484019039711345
1658137083024090368,2.847431931564918,5.044555671062588
1658137083124563456,2.856989658226066,5.081776971973057
1658137083224840192,2.8608469874719002,5.030786686608802
1658137083324762880,2.868067742812576,5.04722032925573
1658137083424223744,2.8869882627648473,5.04639202988445
1658137083524799232,2.896117545443973,4.995886301737115
1658137083624709376,2.899912378450955,5.046446080658773
1658137083724862464,2.902487732712801,5.0448181385298
1658137083824115200,2.9013634929733434,5.0215136334421056
1658137083924872448,2.9060238785352315,5.06056048244801
1658137084024801280,2.9211886241776592,5.046139960254603
1658137084124876800,2.923633206782257,5.054721120182688
1658137084224697088,2.938830770984543,5.027608214461984
1658137084324919552,2.9422625108843956,5.027669799616039
1658137084424775168,2.9458102723182322,5.005682327713743
1658137084524878080,2.9503088834539852,5.014576954316652
1658137084624726016,2.9653778381024725,5.037755337402193
